timestamp,up,down,left,right,fire
201804261751256014,0,0,0,0,0
201804261751256182,0,0,0,0,0
201804261751256354,0,0,0,0,0
201804261751256514,0,0,0,0,0
201804261751256686,0,0,0,0,0
201804261751257015,0,0,0,0,0
201804261751257186,0,0,0,0,0
201804261751257354,0,0,0,0,0
201804261751257514,0,0,0,0,0
201804261751257680,0,0,0,0,0
201804261751257860,0,0,0,0,0
201804261751258181,0,0,0,0,0
201804261751258350,0,0,0,0,0
201804261751258515,0,0,0,0,0
201804261751258682,0,0,0,0,0
201804261751259015,0,0,0,0,0
201804261751259181,0,0,0,0,0
201804261751259353,0,0,0,0,0
201804261751259513,0,0,0,0,0
201804261751259680,0,0,0,0,0
201804261751260015,0,0,0,0,0
201804261751260185,0,0,0,0,0
201804261751260347,0,0,0,0,0
201804261751260518,0,0,0,0,0
201804261751260686,0,0,0,0,0
201804261751261014,0,0,0,0,0
201804261751261177,0,0,0,0,0
201804261751261353,0,0,0,0,0
201804261751261514,0,0,0,0,0
201804261751261683,0,0,0,0,0
201804261751262011,0,0,0,0,0
201804261751262186,0,0,0,0,0
201804261751262356,0,0,0,0,0
201804261751262512,0,0,0,0,0
201804261751262682,0,0,0,0,0
201804261751263014,0,0,0,0,0
201804261751263184,0,0,0,0,0
201804261751263347,0,0,0,0,0
201804261751263519,0,0,0,0,0
201804261751263679,0,0,0,0,0
201804261751264015,0,0,0,0,0
201804261751264189,0,0,0,0,0
201804261751264345,0,0,0,0,0
201804261751264511,0,0,0,0,0
201804261751264680,0,0,0,0,0
201804261751265013,0,0,0,0,0
201804261751265179,0,0,0,0,0
201804261751265353,0,0,0,0,0
201804261751265520,0,0,0,0,0
201804261751265683,0,0,0,0,0
201804261751266008,0,0,0,0,0
201804261751266185,0,0,0,0,0
201804261751266348,0,0,0,0,0
201804261751266513,0,0,0,0,0
201804261751266679,0,0,0,0,0
201804261751267016,0,0,0,0,0
201804261751267184,0,0,0,0,0
201804261751267345,0,0,0,0,0
201804261751267517,0,0,0,0,0
201804261751267681,0,0,0,0,0
201804261751268015,0,0,0,0,0
201804261751268185,0,0,0,0,0
201804261751268345,0,0,0,0,0
201804261751268513,0,0,0,0,0
201804261751268677,0,0,0,0,0
201804261751269010,0,0,0,0,0
201804261751269179,0,0,0,0,0
201804261751269346,0,0,0,0,0
201804261751269511,0,0,0,0,0
201804261751269684,0,0,0,0,0
201804261751270012,0,0,0,0,0
201804261751270185,0,0,0,0,0
201804261751270342,0,0,0,0,0
201804261751270512,0,0,0,0,0
201804261751270679,0,0,0,0,0
201804261751271012,0,0,0,0,0
201804261751271184,0,0,0,0,0
201804261751271347,0,0,0,0,0
201804261751271519,0,0,0,0,0
201804261751271679,0,0,0,0,0
201804261751272010,0,0,0,0,0
201804261751272191,0,0,0,0,0
201804261751272349,0,0,0,0,0
201804261751272515,0,0,0,0,0
201804261751272690,0,0,0,0,0
201804261751273011,0,0,0,0,0
201804261751273193,0,0,0,0,0
201804261751273352,0,0,0,0,0
201804261751273516,0,0,0,0,0
201804261751273678,0,0,0,0,0
201804261751274011,0,0,0,0,0
201804261751274176,0,0,0,0,0
201804261751274345,0,0,0,0,0
201804261751274511,0,0,0,0,0
201804261751274677,0,0,0,0,0
201804261751275011,0,0,0,0,0
201804261751275181,0,0,0,0,0
201804261751275341,0,0,0,0,0
201804261751275517,0,0,0,0,0
201804261751275677,0,0,0,0,0
201804261751276011,0,0,0,0,0
201804261751276180,0,0,0,0,0
201804261751276343,0,0,0,0,0
201804261751276506,0,0,0,0,0
201804261751276677,0,0,0,0,0
201804261751277013,0,0,0,0,0
201804261751277181,0,0,0,0,0
201804261751277349,0,0,0,0,0
201804261751277510,0,0,0,0,0
201804261751277674,0,0,0,0,0
201804261751278015,0,0,0,0,0
201804261751278181,0,0,0,0,0
201804261751278348,0,0,0,0,0
201804261751278515,0,0,0,0,0
201804261751278677,0,0,0,0,0
201804261751279005,0,0,0,0,0
201804261751279182,0,0,0,0,0
201804261751279344,0,0,0,0,0
201804261751279508,0,0,0,0,0
201804261751279677,0,0,0,0,0
201804261751280010,0,0,0,0,0
201804261751280175,0,0,0,0,0
201804261751280347,0,0,0,0,0
201804261751280511,0,0,0,0,0
201804261751280676,0,0,0,0,0
201804261751281008,0,0,0,0,0
201804261751281176,0,0,0,0,0
201804261751281341,0,0,0,0,0
201804261751281509,0,0,0,0,0
201804261751281677,0,0,0,0,0
201804261751282010,0,0,0,0,0
201804261751282181,0,0,0,0,0
201804261751282340,0,0,0,0,0
201804261751282512,0,0,0,0,0
201804261751282680,0,0,0,0,0
201804261751283007,0,0,0,0,0
201804261751283179,0,0,0,0,0
201804261751283348,0,0,0,0,0
201804261751283509,0,0,0,0,0
201804261751283676,0,0,0,0,0
201804261751284009,0,0,0,0,0
201804261751284171,0,0,0,0,0
201804261751284346,0,0,0,0,0
201804261751284516,0,0,0,0,0
201804261751284675,0,0,0,0,0
201804261751285004,0,0,0,0,0
201804261751285180,0,0,0,0,0
201804261751285342,0,0,0,0,0
201804261751285507,0,0,0,0,0
201804261751285679,0,0,0,0,0
201804261751286004,0,0,0,0,0
201804261751286180,0,0,0,0,0
201804261751286342,0,0,0,0,0
201804261751286508,0,0,0,0,0
201804261751286673,0,0,0,0,0
201804261751287007,0,0,0,0,0
201804261751287177,0,0,0,0,0
201804261751287341,0,0,0,0,0
201804261751287508,0,0,0,0,0
201804261751287675,0,0,0,0,0
201804261751288012,0,0,0,0,0
201804261751288176,0,0,0,0,0
201804261751288345,0,0,0,0,0
201804261751288510,0,0,0,0,0
201804261751288673,0,0,0,0,0
201804261751289006,0,0,0,0,0
201804261751289174,0,0,0,0,0
201804261751289337,0,0,0,0,0
201804261751289511,0,0,0,0,0
201804261751289677,0,0,0,0,0
201804261751290007,0,0,0,0,0
201804261751290175,0,0,0,0,0
201804261751290340,0,0,0,0,0
201804261751290508,0,0,0,0,0
201804261751290678,0,0,0,0,0
201804261751291009,0,0,0,0,0
201804261751291173,0,0,0,0,0
201804261751291341,0,0,0,0,0
201804261751291507,0,0,0,0,0
201804261751291672,0,0,0,0,0
201804261751292008,0,0,0,0,0
201804261751292174,0,0,0,0,0
201804261751292341,0,0,0,0,0
201804261751292509,0,0,0,0,0
201804261751292673,0,0,0,0,0
201804261751293005,0,0,0,0,0
201804261751293176,0,0,0,0,0
201804261751293345,0,0,0,0,0
201804261751293507,0,0,0,0,0
201804261751293677,0,0,0,0,0
201804261751294002,0,0,0,0,0
201804261751294173,0,0,0,0,0
201804261751294340,0,0,0,0,0
201804261751294508,0,0,0,0,0
201804261751294675,0,0,0,0,0
201804261751295007,0,0,0,0,0
201804261751295175,0,0,0,0,0
201804261751295341,0,0,0,0,0
201804261751295507,0,0,0,0,0
201804261751295671,0,0,0,0,0
201804261751296017,0,0,0,0,0
201804261751296171,0,0,0,0,0
201804261751296339,0,0,0,0,0
201804261751296509,0,0,0,0,0
201804261751296672,0,0,0,0,0
201804261751297010,0,0,0,0,0
201804261751297177,0,0,0,0,0
201804261751297337,0,0,0,0,0
201804261751297510,0,0,0,0,0
201804261751297677,0,0,0,0,0
201804261751298011,0,0,0,0,0
201804261751298172,0,0,0,0,0
201804261751298338,0,0,0,0,0
201804261751298503,0,0,0,0,0
201804261751298674,0,0,0,0,0
201804261751299004,0,0,0,0,0
201804261751299172,0,0,0,0,0
201804261751299341,0,0,0,0,0
201804261751299506,0,0,0,0,0
201804261751299673,0,0,0,0,0
201804261751300003,0,0,0,0,0
201804261751300175,0,0,0,0,0
201804261751300339,0,0,0,0,0
201804261751300505,0,0,0,0,0
201804261751300669,0,0,0,0,0
201804261751301002,0,0,0,0,0
201804261751301169,0,0,0,0,0
201804261751301338,0,0,0,0,0
201804261751301499,0,0,0,0,0
201804261751301676,0,0,0,0,0
201804261751302008,0,0,0,0,0
201804261751302171,0,0,0,0,0
201804261751302337,0,0,0,0,0
201804261751302505,0,0,0,0,0
201804261751302670,0,0,0,0,0
201804261751303004,0,0,0,0,0
201804261751303169,0,0,0,0,0
201804261751303338,0,0,0,0,0
201804261751303509,0,0,0,0,0
201804261751303670,0,0,0,0,0
201804261751304000,0,0,0,0,0
201804261751304170,0,0,0,0,0
201804261751304336,0,0,0,0,0
201804261751304500,0,0,0,0,0
201804261751304665,0,0,0,0,0
201804261751305005,0,0,0,0,0
201804261751305171,0,0,0,0,0
201804261751305347,0,0,0,0,0
201804261751305504,0,0,0,0,0
201804261751305670,0,0,0,0,0
201804261751306000,0,0,0,0,0
201804261751306170,0,0,0,0,0
201804261751306336,0,0,0,0,0
201804261751306504,0,0,0,0,0
201804261751306670,0,0,0,0,0
201804261751307001,0,0,0,0,0
201804261751307170,0,0,0,0,0
201804261751307337,0,0,0,0,0
201804261751307512,0,0,0,0,0
201804261751307677,0,0,0,0,0
201804261751308001,0,0,0,0,0
201804261751308195,0,0,0,0,0
201804261751308345,0,0,0,0,0
201804261751308510,0,0,0,0,0
201804261751308669,0,0,0,0,0
201804261751309004,0,0,0,0,0
201804261751309174,0,0,0,0,0
201804261751309338,0,0,0,0,0
201804261751309515,0,0,0,0,0
201804261751309694,0,0,0,0,0
201804261751310003,0,0,0,0,0
201804261751310175,0,0,0,0,0
201804261751310341,0,0,0,0,0
201804261751310504,0,0,0,0,0
201804261751310671,0,0,0,0,0
201804261751311004,0,0,0,0,0
201804261751311170,0,0,0,0,0
201804261751311336,0,0,0,0,0
201804261751311505,0,0,0,0,0
201804261751311669,0,0,0,0,0
201804261751312016,0,0,0,0,0
201804261751312173,0,0,0,0,0
201804261751312335,0,0,0,0,0
201804261751312495,0,0,0,0,0
201804261751312685,0,0,0,0,0
201804261751313000,0,0,0,0,0
201804261751313173,0,0,0,0,0
201804261751313336,0,0,0,0,0
201804261751313503,0,0,0,0,0
201804261751313671,0,0,0,0,0
201804261751314002,0,0,0,0,0
201804261751314168,0,0,0,0,0
201804261751314335,0,0,0,0,0
201804261751314501,0,0,0,0,0
201804261751314670,0,0,0,0,0
201804261751315004,0,0,0,0,0
201804261751315168,0,0,0,0,0
201804261751315339,0,0,0,0,0
201804261751315502,0,0,0,0,0
201804261751315671,0,0,0,0,0
201804261751315999,0,0,0,0,0
201804261751316169,0,0,0,0,0
201804261751316335,0,0,0,0,0
201804261751316502,0,0,0,0,0
201804261751316667,0,0,0,0,0
201804261751317002,0,0,0,0,0
201804261751317168,0,0,0,0,0
201804261751317332,0,0,0,0,0
201804261751317501,0,0,0,0,0
201804261751317677,0,0,0,0,0
201804261751318004,0,0,0,0,0
201804261751318170,0,0,0,0,0
201804261751318331,0,0,0,0,0
201804261751318498,0,0,0,0,0
201804261751318671,0,0,0,0,0
201804261751318999,0,0,0,0,0
201804261751319172,0,0,0,0,0
201804261751319334,0,0,0,0,0
201804261751319502,0,0,0,0,0
201804261751319672,0,0,0,0,0
201804261751320004,0,0,0,0,0
201804261751320172,0,0,0,0,0
201804261751320335,0,0,0,0,0
201804261751320509,0,0,0,0,0
201804261751320670,0,0,0,0,0
201804261751321000,0,0,0,0,0
201804261751321167,0,0,0,0,0
201804261751321337,0,0,0,0,0
201804261751321496,0,0,0,0,0
201804261751321666,0,0,0,0,0
201804261751321999,0,0,0,0,0
201804261751322166,0,0,0,0,0
201804261751322339,0,0,0,0,0
201804261751322502,0,0,0,0,0
201804261751322669,0,0,0,0,0
201804261751323001,0,0,0,0,0
201804261751323166,0,0,0,0,0
201804261751323333,0,0,0,0,0
201804261751323498,0,0,0,0,0
201804261751323670,0,0,0,0,0
201804261751323999,0,0,0,0,0
201804261751324166,0,0,0,0,0
201804261751324325,0,0,0,0,0
201804261751324502,0,0,0,0,0
201804261751324667,0,0,0,0,0
201804261751325003,0,0,0,0,0
201804261751325166,0,0,0,0,0
201804261751325342,0,0,0,0,0
201804261751325502,0,0,0,0,0
201804261751325672,0,0,0,0,0
201804261751326004,0,0,0,0,0
201804261751326168,0,0,0,0,0
201804261751326334,0,0,0,0,0
201804261751326496,0,0,0,0,0
201804261751326670,0,0,0,0,0
201804261751326998,0,0,0,0,0
201804261751327171,0,0,0,0,0
201804261751327337,0,0,0,0,0
201804261751327507,0,0,0,0,0
201804261751327669,0,0,0,0,0
201804261751327998,0,0,0,0,0
201804261751328169,0,0,0,0,0
201804261751328330,0,0,0,0,0
201804261751328503,0,0,0,0,0
201804261751328666,0,0,0,0,0
201804261751328998,0,0,0,0,0
201804261751329165,0,0,0,0,0
201804261751329332,0,0,0,0,0
201804261751329501,0,0,0,0,0
201804261751329667,0,0,0,0,0
201804261751329998,0,0,0,0,0
201804261751330169,0,0,0,0,0
201804261751330332,0,0,0,0,0
201804261751330498,0,0,0,0,0
201804261751330668,0,0,0,0,0
201804261751331003,0,0,0,0,0
201804261751331169,0,0,0,0,0
201804261751331338,0,0,0,0,0
201804261751331495,0,0,0,0,0
201804261751331670,0,0,0,0,0
201804261751331998,0,0,0,0,0
201804261751332165,0,0,0,0,0
201804261751332335,0,0,0,0,0
201804261751332503,0,0,0,0,0
201804261751332671,0,0,0,0,0
201804261751332997,0,0,0,0,0
201804261751333176,0,0,0,0,0
201804261751333330,0,0,0,0,0
201804261751333493,0,0,0,0,0
201804261751333671,0,0,0,0,0
201804261751333997,0,0,0,0,0
201804261751334167,0,0,0,0,0
201804261751334333,0,0,0,0,0
201804261751334496,0,0,0,0,0
201804261751334668,0,0,0,0,0
201804261751334995,0,0,0,0,0
201804261751335171,0,0,0,0,0
201804261751335335,0,0,0,0,0
201804261751335498,0,0,0,0,0
201804261751335671,0,0,0,0,0
201804261751336001,0,0,0,0,0
201804261751336170,0,0,0,0,0
201804261751336340,0,0,0,0,0
201804261751336498,0,0,0,0,0
201804261751336665,0,0,0,0,0
201804261751336995,0,0,0,0,0
201804261751337170,0,0,0,0,0
201804261751337335,0,0,0,0,0
201804261751337515,0,0,0,0,0
201804261751337667,0,0,0,0,0
201804261751337996,0,0,0,0,0
201804261751338163,0,0,0,0,0
201804261751338336,0,0,0,0,0
201804261751338496,0,0,0,0,0
201804261751338668,0,0,0,0,0
201804261751338996,0,0,0,0,0
201804261751339163,0,0,0,0,0
201804261751339330,0,0,0,0,0
201804261751339499,0,0,0,0,0
201804261751339670,0,0,0,0,0
201804261751339996,0,0,0,0,0
201804261751340168,0,0,0,0,0
201804261751340332,0,0,0,0,0
201804261751340495,0,0,0,0,0
201804261751340664,0,0,0,0,0
201804261751340996,0,0,0,0,0
201804261751341167,0,0,0,0,0
201804261751341334,0,0,0,0,0
201804261751341493,0,0,0,0,0
201804261751341662,0,0,0,0,0
201804261751341997,0,0,0,0,0
201804261751342159,0,0,0,0,0
201804261751342330,0,0,0,0,0
201804261751342499,0,0,0,0,0
201804261751342660,0,0,0,0,0
201804261751342995,0,0,0,0,0
201804261751343162,0,0,0,0,0
201804261751343329,0,0,0,0,0
201804261751343500,0,0,0,0,0
201804261751343666,0,0,0,0,0
201804261751344003,0,0,0,0,0
201804261751344166,0,0,0,0,0
201804261751344327,0,0,0,0,0
201804261751344494,0,0,0,0,0
201804261751344662,0,0,0,0,0
201804261751344999,0,0,0,0,0
201804261751345171,0,0,0,0,0
201804261751345324,0,0,0,0,0
201804261751345494,0,0,0,0,0
201804261751345661,0,0,0,0,0
201804261751346006,0,0,0,0,0
201804261751346169,0,0,0,0,0
201804261751346326,0,0,0,0,0
201804261751346494,0,0,0,0,0
201804261751346666,0,0,0,0,0
201804261751346993,0,0,0,0,0
201804261751347160,0,0,0,0,0
201804261751347327,0,0,0,0,0
201804261751347499,0,0,0,0,0
201804261751347660,0,0,0,0,0
201804261751347995,0,0,0,0,0
201804261751348170,0,0,0,0,0
201804261751348326,0,0,0,0,0
201804261751348500,0,0,0,0,0
201804261751348661,0,0,0,0,0
201804261751348998,0,0,0,0,0
201804261751349174,0,0,0,0,0
201804261751349330,0,0,0,0,0
201804261751349490,0,0,0,0,0
201804261751349666,0,0,0,0,0
201804261751349993,0,0,0,0,0
201804261751350165,0,0,0,0,0
201804261751350332,0,0,0,0,0
201804261751350498,0,0,0,0,0
201804261751350665,0,0,0,0,0
201804261751351007,0,0,0,0,0
201804261751351170,0,0,0,0,0
201804261751351326,0,0,0,0,0
201804261751351498,0,0,0,0,0
201804261751351659,0,0,0,0,0
201804261751351995,0,0,0,0,0
201804261751352160,0,0,0,0,0
201804261751352325,0,0,0,0,0
201804261751352494,0,0,0,0,0
201804261751352665,0,0,0,0,0
201804261751352996,0,0,0,0,0
201804261751353173,0,0,0,0,0
201804261751353326,0,0,0,0,0
201804261751353492,0,0,0,0,0
201804261751353660,0,0,0,0,0
201804261751353995,0,0,0,0,0
201804261751354159,0,0,0,0,0
201804261751354326,0,0,0,0,0
201804261751354497,0,0,0,0,0
201804261751354668,0,0,0,0,0
201804261751354991,0,0,0,0,0
201804261751355159,0,0,0,0,0
201804261751355332,0,0,0,0,0
201804261751355498,0,0,0,0,0
201804261751355658,0,0,0,0,0
201804261751355996,0,0,0,0,0
201804261751356163,0,0,0,0,0
201804261751356330,0,0,0,0,0
201804261751356501,0,0,0,0,0
201804261751356656,0,0,0,0,0
201804261751356996,0,0,0,0,0
201804261751357173,0,0,0,0,0
201804261751357325,0,0,0,0,0
201804261751357502,0,0,0,0,0
201804261751357673,0,0,0,0,0
201804261751357995,0,0,0,0,0
201804261751358168,0,0,0,0,0
201804261751358330,0,0,0,0,0
201804261751358490,0,0,0,0,0
201804261751358658,0,0,0,0,0
201804261751358996,0,0,0,0,0
201804261751359160,0,0,0,0,0
201804261751359324,0,0,0,0,0
201804261751359493,0,0,0,0,0
201804261751359659,0,0,0,0,0
201804261751359996,0,0,0,0,0
201804261751360159,0,0,0,0,0
201804261751360320,0,0,0,0,0
201804261751360490,0,0,0,0,0
201804261751360658,0,0,0,0,0
201804261751361004,0,0,0,0,0
201804261751361160,0,0,0,0,0
201804261751361328,0,0,0,0,0
201804261751361494,0,0,0,0,0
201804261751361828,0,0,0,0,0
201804261751361988,0,0,0,0,0
201804261751362158,0,0,0,0,0
201804261751362329,0,0,0,0,0
201804261751362499,0,0,0,0,0
201804261751362665,0,0,0,0,0
201804261751362996,0,0,0,0,0
201804261751363161,0,0,0,0,0
201804261751363325,0,0,0,0,0
201804261751363491,0,0,0,0,0
201804261751363662,0,0,0,0,0
201804261751363995,0,0,0,0,0
201804261751364162,0,0,0,0,0
201804261751364320,0,0,0,0,0
201804261751364487,0,0,0,0,0
201804261751364827,0,0,0,0,0
201804261751364991,0,0,0,0,0
201804261751365165,0,0,0,0,0
201804261751365324,0,0,0,0,0
201804261751365496,0,0,0,0,0
201804261751365660,0,0,0,0,0
201804261751365993,0,0,0,0,0
201804261751366161,0,0,0,0,0
201804261751366322,0,0,0,0,0
201804261751366487,0,0,0,0,0
201804261751366657,0,0,0,0,0
201804261751366994,0,0,0,0,0
201804261751367158,0,0,0,0,0
201804261751367322,0,0,0,0,0
201804261751367489,0,0,0,0,0
201804261751367825,0,0,0,0,0
201804261751367990,0,0,0,0,0
201804261751368160,0,0,0,0,0
201804261751368322,0,0,0,0,0
201804261751368487,0,0,0,0,0
201804261751368662,0,0,0,0,0
201804261751368989,0,0,0,0,0
201804261751369158,0,0,0,0,0
201804261751369322,0,0,0,0,0
201804261751369488,0,0,0,0,0
201804261751369827,0,0,0,0,0
201804261751370003,0,0,0,0,0
201804261751370160,0,0,0,0,0
201804261751370323,0,0,0,0,0
201804261751370488,0,0,0,0,0
201804261751370833,0,0,0,0,0
201804261751370988,0,0,0,0,0
201804261751371160,0,0,0,0,0
201804261751371320,0,0,0,0,0
201804261751371493,0,0,0,0,0
201804261751371822,0,0,0,0,0
201804261751371987,0,0,0,0,0
201804261751372162,0,0,0,0,0
201804261751372325,0,0,0,0,0
201804261751372488,0,0,0,0,0
201804261751372659,0,0,0,0,0
201804261751372989,0,0,0,0,0
201804261751373161,0,0,0,0,0
201804261751373323,0,0,0,0,0
201804261751373489,0,0,0,0,0
201804261751373662,0,0,0,0,0
201804261751373984,0,0,0,0,0
201804261751374168,0,0,0,0,0
201804261751374318,0,0,0,0,0
201804261751374484,0,0,0,0,0
201804261751374825,0,0,0,0,0
201804261751374987,0,0,0,0,0
201804261751375158,0,0,0,0,0
201804261751375330,0,0,0,0,0
201804261751375490,0,0,0,0,0
201804261751375824,0,0,0,0,0
201804261751375986,0,0,0,0,0
201804261751376160,0,0,0,0,0
201804261751376316,0,0,0,0,0
201804261751376485,0,0,0,0,0
201804261751376826,0,0,0,0,0
201804261751376991,0,0,0,0,0
201804261751377156,0,0,0,0,0
201804261751377320,0,0,0,0,0
201804261751377501,0,0,0,0,0
201804261751377819,0,0,0,0,0
201804261751377994,0,0,0,0,0
201804261751378166,0,0,0,0,0
201804261751378315,0,0,0,0,0
201804261751378487,0,0,0,0,0
201804261751378818,0,0,0,0,0
201804261751378987,0,0,0,0,0
201804261751379157,0,0,0,0,0
201804261751379321,0,0,0,0,0
201804261751379484,0,0,0,0,0
201804261751379820,0,0,0,0,0
201804261751379992,0,0,0,0,0
201804261751380159,0,0,0,0,0
201804261751380321,0,0,0,0,0
201804261751380486,0,0,0,0,0
201804261751380820,0,0,0,0,0
201804261751380986,0,0,0,0,0
201804261751381157,0,0,0,0,0
201804261751381323,0,0,0,0,0
201804261751381486,0,0,0,0,0
201804261751381818,0,0,0,0,0
201804261751382003,0,0,0,0,0
201804261751382157,0,0,0,0,0
201804261751382318,0,0,0,0,0
201804261751382490,0,0,0,0,0
201804261751382662,0,0,0,0,0
201804261751382985,0,0,0,0,0
201804261751383153,0,0,0,0,0
201804261751383320,0,0,0,0,0
201804261751383485,0,0,0,0,0
201804261751383820,0,0,0,0,0
201804261751383990,0,0,0,0,0
201804261751384155,0,0,0,0,0
201804261751384322,0,0,0,0,0
201804261751384490,0,0,0,0,0
201804261751384818,0,0,0,0,0
201804261751384993,0,0,0,0,0
201804261751385154,0,0,0,0,0
201804261751385320,0,0,0,0,0
201804261751385495,0,0,0,0,0
201804261751385824,0,0,0,0,0
201804261751385985,0,0,0,0,0
201804261751386154,0,0,0,0,0
201804261751386318,0,0,0,0,0
201804261751386481,0,0,0,0,0
201804261751386668,0,0,0,0,0
201804261751386985,0,0,0,0,0
201804261751387155,0,0,0,0,0
201804261751387319,0,0,0,0,0
201804261751387483,0,0,0,0,0
201804261751387819,0,0,0,0,0
201804261751387984,0,0,0,0,0
201804261751388150,0,0,0,0,0
201804261751388318,0,0,0,0,0
201804261751388491,0,0,0,0,0
201804261751388818,0,0,0,0,0
201804261751388990,0,0,0,0,0
201804261751389170,0,0,0,0,0
201804261751389323,0,0,0,0,0
201804261751389488,0,0,0,0,0
201804261751389819,0,0,0,0,0
201804261751389989,0,0,0,0,0
201804261751390155,0,0,0,0,0
201804261751390317,0,0,0,0,0
201804261751390486,0,0,0,0,0
201804261751390813,0,0,0,0,0
201804261751390999,0,0,0,0,0
201804261751391153,0,0,0,0,0
201804261751391317,0,0,0,0,0
201804261751391485,0,0,0,0,0
201804261751391817,0,0,0,0,0
201804261751391988,0,0,0,0,0
201804261751392155,0,0,0,0,0
201804261751392317,0,0,0,0,0
201804261751392491,0,0,0,0,0
201804261751392820,0,0,0,0,0
201804261751392992,0,0,0,0,0
201804261751393151,0,0,0,0,0
201804261751393320,0,0,0,0,0
201804261751393489,0,0,0,0,0
201804261751393815,0,0,0,0,0
201804261751393983,0,0,0,0,0
201804261751394152,0,0,0,0,0
201804261751394316,0,0,0,0,0
201804261751394487,0,0,0,0,0
201804261751394664,0,0,0,0,0
201804261751394990,0,0,0,0,0
201804261751395152,0,0,0,0,0
201804261751395320,0,0,0,0,0
201804261751395488,0,0,0,0,0
201804261751395817,0,0,0,0,0
201804261751395988,0,0,0,0,0
201804261751396150,0,0,0,0,0
201804261751396317,0,0,0,0,0
201804261751396483,0,0,0,0,0
201804261751396815,0,0,0,0,0
201804261751396982,0,0,0,0,0
201804261751397150,0,0,0,0,0
201804261751397318,0,0,0,0,0
201804261751397483,0,0,0,0,0
201804261751397814,0,0,0,0,0
201804261751397987,0,0,0,0,0
201804261751398156,0,0,0,0,0
201804261751398315,0,0,0,0,0
201804261751398481,0,0,0,0,0
201804261751398820,0,0,0,0,0
201804261751398977,0,0,0,0,0
201804261751399147,0,0,0,0,0
201804261751399314,0,0,0,0,0
201804261751399481,0,0,0,0,0
201804261751399816,0,0,0,0,0
201804261751399987,0,0,0,0,0
201804261751400150,0,0,0,0,0
201804261751400314,0,0,0,0,0
201804261751400481,0,0,0,0,0
201804261751400813,0,0,0,0,0
201804261751400978,0,0,0,0,0
201804261751401148,0,0,0,0,0
201804261751401311,0,0,0,0,0
201804261751401481,0,0,0,0,0
201804261751401820,0,0,0,0,0
201804261751401986,0,0,0,0,0
201804261751402149,0,0,0,0,0
201804261751402314,0,0,0,0,0
201804261751402481,0,0,0,0,0
201804261751402814,0,0,0,0,0
201804261751402982,0,0,0,0,0
201804261751403162,0,0,0,0,0
201804261751403323,0,0,0,0,0
201804261751403483,0,0,0,0,0
201804261751403814,0,0,0,0,0
201804261751403984,0,0,0,0,0
201804261751404153,0,0,0,0,0
201804261751404312,0,0,0,0,0
201804261751404480,0,0,0,0,0
201804261751404815,0,0,0,0,0
201804261751404976,0,0,0,0,0
201804261751405154,0,0,0,0,0
201804261751405316,0,0,0,0,0
201804261751405482,0,0,0,0,0
201804261751405813,0,0,0,0,0
201804261751405978,0,0,0,0,0
201804261751406153,0,0,0,0,0
201804261751406313,0,0,0,0,0
201804261751406484,0,0,0,0,0
201804261751406818,0,0,0,0,0
201804261751406989,0,0,0,0,0
201804261751407150,0,0,0,0,0
201804261751407315,0,0,0,0,0
201804261751407480,0,0,0,0,0
201804261751407822,0,0,0,0,0
201804261751407977,0,0,0,0,0
201804261751408150,0,0,0,0,0
201804261751408330,0,0,0,0,0
201804261751408484,0,0,0,0,0
201804261751408812,0,0,0,0,0
201804261751408984,0,0,0,0,0
201804261751409157,0,0,0,0,0
201804261751409315,0,0,0,0,0
201804261751409485,0,0,0,0,0
201804261751409813,0,0,0,0,0
201804261751409983,0,0,0,0,0
201804261751410147,0,0,0,0,0
201804261751410310,0,0,0,0,0
201804261751410484,0,0,0,0,0
201804261751410817,0,0,0,0,0
201804261751410979,0,0,0,0,0
201804261751411150,0,0,0,0,0
201804261751411325,0,0,0,0,0
201804261751411482,0,0,0,0,0
201804261751411810,0,0,0,0,0
201804261751411987,0,0,0,0,0
201804261751412152,0,0,0,0,0
201804261751412317,0,0,0,0,0
201804261751412497,0,0,0,0,0
201804261751412815,0,0,0,0,0
201804261751412981,0,0,0,0,0
201804261751413166,0,0,0,0,0
201804261751413315,0,0,0,0,0
201804261751413483,0,0,0,0,0
201804261751413660,0,0,0,0,0
201804261751413983,0,0,0,0,0
201804261751414151,0,0,0,0,0
201804261751414310,0,0,0,0,0
201804261751414483,0,0,0,0,0
201804261751414813,0,0,0,0,0
201804261751414984,0,0,0,0,0
201804261751415148,0,0,0,0,0
201804261751415316,0,0,0,0,0
201804261751415480,0,0,0,0,0
201804261751415823,0,0,0,0,0
201804261751415980,0,0,0,0,0
201804261751416154,0,0,0,0,0
201804261751416311,0,0,0,0,0
201804261751416480,0,0,0,0,0
201804261751416817,0,0,0,0,0
201804261751416975,0,0,0,0,0
201804261751417149,0,0,0,0,0
201804261751417312,0,0,0,0,0
201804261751417478,0,0,0,0,0
201804261751417815,0,0,0,0,0
201804261751417982,0,0,0,0,0
201804261751418144,0,0,0,0,0
201804261751418313,0,0,0,0,0
201804261751418480,0,0,0,0,0
201804261751418810,0,0,0,0,0
201804261751418981,0,0,0,0,0
201804261751419150,0,0,0,0,0
201804261751419315,0,0,0,0,0
201804261751419481,0,0,0,0,0
201804261751419818,0,0,0,0,0
201804261751419987,0,0,0,0,0
201804261751420145,0,0,0,0,0
201804261751420309,0,0,0,0,0
201804261751420478,0,0,0,0,0
201804261751420815,0,0,0,0,0
201804261751420979,0,0,0,0,0
201804261751421141,0,0,0,0,0
201804261751421316,0,0,0,0,0
201804261751421476,0,0,0,0,0
201804261751421810,0,0,0,0,0
201804261751421981,0,0,0,0,0
201804261751422149,0,0,0,0,0
201804261751422312,0,0,0,0,0
201804261751422473,0,0,0,0,0
201804261751422813,0,0,0,0,0
201804261751422985,0,0,0,0,0
201804261751423147,0,0,0,0,0
201804261751423313,0,0,0,0,0
201804261751423479,0,0,0,0,0
201804261751423811,0,0,0,0,0
201804261751423980,0,0,0,0,0
201804261751424147,0,0,0,0,0
201804261751424311,0,0,0,0,0
201804261751424478,0,0,0,0,0
201804261751424815,0,0,0,0,0
201804261751424979,0,0,0,0,0
201804261751425143,0,0,0,0,0
201804261751425313,0,0,0,0,0
201804261751425483,0,0,0,0,0
201804261751425811,0,0,0,0,0
201804261751425987,0,0,0,0,0
201804261751426143,0,0,0,0,0
201804261751426308,0,0,0,0,0
201804261751426474,0,0,0,0,0
201804261751426809,0,0,0,0,0
201804261751426978,0,0,0,0,0
201804261751427148,0,0,0,0,0
201804261751427314,0,0,0,0,0
201804261751427485,0,0,0,0,0
201804261751427814,0,0,0,0,0
201804261751427982,0,0,0,0,0
201804261751428153,0,0,0,0,0
201804261751428323,0,0,0,0,0
201804261751428478,0,0,0,0,0
201804261751428809,0,0,0,0,0
201804261751428973,0,0,0,0,0
201804261751429147,0,0,0,0,0
201804261751429311,0,0,0,0,0
201804261751429475,0,0,0,0,0
201804261751429810,0,0,0,0,0
201804261751429977,0,0,0,0,0
201804261751430139,0,0,0,0,0
201804261751430304,0,0,0,0,0
201804261751430479,0,0,0,0,0
201804261751430813,0,0,0,0,0
201804261751430982,0,0,0,0,0
201804261751431141,0,0,0,0,0
201804261751431307,0,0,0,0,0
201804261751431480,0,0,0,0,0
201804261751431810,0,0,0,0,0
201804261751431979,0,0,0,0,0
201804261751432142,0,0,0,0,0
201804261751432313,0,0,0,0,0
201804261751432478,0,0,0,0,0
201804261751432813,0,0,0,0,0
201804261751432971,0,0,0,0,0
201804261751433145,0,0,0,0,0
201804261751433305,0,0,0,0,0
201804261751433476,0,0,0,0,0
201804261751433810,0,0,0,0,0
201804261751433984,0,0,0,0,0
201804261751434154,0,0,0,0,0
201804261751434311,0,0,0,0,0
201804261751434475,0,0,0,0,0
201804261751434810,0,0,0,0,0
201804261751434974,0,0,0,0,0
201804261751435159,0,0,0,0,0
201804261751435307,0,0,0,0,0
201804261751435477,0,0,0,0,0
201804261751435811,0,0,0,0,0
201804261751435982,0,0,0,0,0
201804261751436143,0,0,0,0,0
201804261751436308,0,0,0,0,0
201804261751436477,0,0,0,0,0
201804261751436810,0,0,0,0,0
201804261751436976,0,0,0,0,0
201804261751437145,0,0,0,0,0
201804261751437310,0,0,0,0,0
201804261751437474,0,0,0,0,0
201804261751437805,0,0,0,0,0
201804261751437982,0,0,0,0,0
201804261751438141,0,0,0,0,0
201804261751438308,0,0,0,0,0
201804261751438474,0,0,0,0,0
201804261751438805,0,0,0,0,0
201804261751438971,0,0,0,0,0
201804261751439145,0,0,0,0,0
201804261751439316,0,0,0,0,0
201804261751439475,0,0,0,0,0
201804261751439803,0,0,0,0,0
201804261751439978,0,0,0,0,0
201804261751440147,0,0,0,0,0
201804261751440317,0,0,0,0,0
201804261751440486,0,0,0,0,0
201804261751440809,0,0,0,0,0
201804261751440975,0,0,0,0,0
201804261751441140,0,0,0,0,0
201804261751441305,0,0,0,0,0
201804261751441478,0,0,0,0,0
201804261751441804,0,0,0,0,0
201804261751441972,0,0,0,0,0
201804261751442142,0,0,0,0,0
201804261751442304,0,0,0,0,0
201804261751442474,0,0,0,0,0
201804261751442808,0,0,0,0,0
201804261751442971,0,0,0,0,0
201804261751443145,0,0,0,0,0
201804261751443304,0,0,0,0,0
201804261751443475,0,0,0,0,0
201804261751443809,0,0,0,0,0
201804261751443972,0,0,0,0,0
201804261751444139,0,0,0,0,0
201804261751444305,0,0,0,0,0
201804261751444472,0,0,0,0,0
201804261751444815,0,0,0,0,0
201804261751444986,0,0,0,0,0
201804261751445141,0,0,0,0,0
201804261751445303,0,0,0,0,0
201804261751445475,0,0,0,0,0
201804261751445809,0,0,0,0,0
201804261751445985,0,0,0,0,0
201804261751446143,0,0,0,0,0
201804261751446306,0,0,0,0,0
201804261751446475,0,0,0,0,0
201804261751446805,0,0,0,0,0
201804261751446970,0,0,0,0,0
201804261751447141,0,0,0,0,0
201804261751447306,0,0,0,0,0
201804261751447487,0,0,0,0,0
201804261751447801,0,0,0,0,0
201804261751447970,0,0,0,0,0
201804261751448137,0,0,0,0,0
201804261751448304,0,0,0,0,0
201804261751448476,0,0,0,0,0
201804261751448800,0,0,0,0,0
201804261751448974,0,0,0,0,0
201804261751449139,0,0,0,0,0
201804261751449301,0,0,0,0,0
201804261751449474,0,0,0,0,0
201804261751449804,0,0,0,0,0
201804261751449974,0,0,0,0,0
201804261751450140,0,0,0,0,0
201804261751450309,0,0,0,0,0
201804261751450464,0,0,0,0,0
201804261751450805,0,0,0,0,0
201804261751450972,0,0,0,0,0
201804261751451137,0,0,0,0,0
201804261751451305,0,0,0,0,0
201804261751451470,0,0,0,0,0
201804261751451804,0,0,0,0,0
201804261751451967,0,0,0,0,0
201804261751452137,0,0,0,0,0
201804261751452301,0,0,0,0,0
201804261751452469,0,0,0,0,0
201804261751452804,0,0,0,0,0
201804261751452973,0,0,0,0,0
201804261751453136,0,0,0,0,0
201804261751453303,0,0,0,0,0
201804261751453473,0,0,0,0,0
201804261751453804,0,0,0,0,0
201804261751453970,0,0,0,0,0
201804261751454135,0,0,0,0,0
201804261751454304,0,0,0,0,0
201804261751454473,0,0,0,0,0
201804261751454800,0,0,0,0,0
201804261751454969,0,0,0,0,0
201804261751455139,0,0,0,0,0
201804261751455304,0,0,0,0,0
201804261751455469,0,0,0,0,0
201804261751455816,0,0,0,0,0
201804261751455971,0,0,0,0,0
201804261751456138,0,0,0,0,0
201804261751456308,0,0,0,0,0
201804261751456469,0,0,0,0,0
201804261751456804,0,0,0,0,0
201804261751456971,0,0,0,0,0
201804261751457138,0,0,0,0,0
201804261751457314,0,0,0,0,0
201804261751457473,0,0,0,0,0
201804261751457811,0,0,0,0,0
201804261751457969,0,0,0,0,0
201804261751458137,0,0,0,0,0
201804261751458304,0,0,0,0,0
201804261751458470,0,0,0,0,0
201804261751458809,0,0,0,0,0
201804261751458969,0,0,0,0,0
201804261751459133,0,0,0,0,0
201804261751459304,0,0,0,0,0
201804261751459467,0,0,0,0,0
201804261751459799,0,0,0,0,0
201804261751459984,0,0,0,0,0
201804261751460134,0,0,0,0,0
201804261751460306,0,0,0,0,0
201804261751460471,0,0,0,0,0
201804261751460800,0,0,0,0,0
201804261751460969,0,0,0,0,0
201804261751461134,0,0,0,0,0
201804261751461304,0,0,0,0,0
201804261751461482,0,0,0,0,0
201804261751461803,0,0,0,0,0
201804261751461967,0,0,0,0,0
201804261751462132,0,0,0,0,0
201804261751462304,0,0,0,0,0
201804261751462469,0,0,0,0,0
201804261751462809,0,0,0,0,0
201804261751462966,0,0,0,0,0
201804261751463132,0,0,0,0,0
201804261751463309,0,0,0,0,0
201804261751463471,0,0,0,0,0
201804261751463804,0,0,0,0,0
201804261751463967,0,0,0,0,0
201804261751464138,0,0,0,0,0
201804261751464300,0,0,0,0,0
201804261751464467,0,0,0,0,0
201804261751464804,0,0,0,0,0
201804261751464966,0,0,0,0,0
201804261751465130,0,0,0,0,0
201804261751465297,0,0,0,0,0
201804261751465475,0,0,0,0,0
201804261751465802,0,0,0,0,0
201804261751465967,0,0,0,0,0
201804261751466132,0,0,0,0,0
201804261751466301,0,0,0,0,0
201804261751466466,0,0,0,0,0
201804261751466802,0,0,0,0,0
201804261751466963,0,0,0,0,0
201804261751467128,0,0,0,0,0
201804261751467298,0,0,0,0,0
201804261751467470,0,0,0,0,0
201804261751467809,0,0,0,0,0
201804261751467966,0,0,0,0,0
201804261751468135,0,0,0,0,0
201804261751468298,0,0,0,0,0
201804261751468469,0,0,0,0,0
201804261751468795,0,0,0,0,0
201804261751468969,0,0,0,0,0
201804261751469131,0,0,0,0,0
201804261751469298,0,0,0,0,0
201804261751469468,0,0,0,0,0
201804261751469803,0,0,0,0,0
201804261751469964,0,0,0,0,0
201804261751470131,0,0,0,0,0
201804261751470308,0,0,0,0,0
201804261751470467,0,0,0,0,0
201804261751470799,0,0,0,0,0
201804261751470975,0,0,0,0,0
201804261751471131,0,0,0,0,0
201804261751471293,0,0,0,0,0
201804261751471462,0,0,0,0,0
201804261751471800,0,0,0,0,0
201804261751471965,0,0,0,0,0
201804261751472130,0,0,0,0,0
201804261751472302,0,0,0,0,0
201804261751472460,0,0,0,0,0
201804261751472802,0,0,0,0,0
201804261751472969,0,0,0,0,0
201804261751473130,0,0,0,0,0
201804261751473304,0,0,0,0,0
201804261751473468,0,0,0,0,0
201804261751473803,0,0,0,0,0
201804261751473968,0,0,0,0,0
201804261751474131,0,0,0,0,0
201804261751474292,0,0,0,0,0
201804261751474468,0,0,0,0,0
201804261751474793,0,0,0,0,0
201804261751474964,0,0,0,0,0
201804261751475130,0,0,0,0,0
201804261751475299,0,0,0,0,0
201804261751475469,0,0,0,0,0
201804261751475800,0,0,0,0,0
201804261751475968,0,0,0,0,0
201804261751476129,0,0,0,0,0
201804261751476298,0,0,0,0,0
201804261751476458,0,0,0,0,0
201804261751476796,0,0,0,0,0
201804261751476964,0,0,0,0,0
201804261751477135,0,0,0,0,0
201804261751477303,0,0,0,0,0
201804261751477466,0,0,0,0,0
201804261751477800,0,0,0,0,0
201804261751477966,0,0,0,0,0
201804261751478130,0,0,0,0,0
201804261751478306,0,0,0,0,0
201804261751478463,0,0,0,0,0
201804261751478797,0,0,0,0,0
201804261751478973,0,0,0,0,0
201804261751479134,0,0,0,0,0
201804261751479297,0,0,0,0,0
201804261751479463,0,0,0,0,0
201804261751479798,0,0,0,0,0
201804261751479967,0,0,0,0,0
201804261751480142,0,0,0,0,0
201804261751480299,0,0,0,0,0
201804261751480465,0,0,0,0,0
201804261751480800,0,0,0,0,0
201804261751480968,0,0,0,0,0
201804261751481128,0,0,0,0,0
201804261751481295,0,0,0,0,0
201804261751481466,0,0,0,0,0
201804261751481795,0,0,0,0,0
201804261751481964,0,0,0,0,0
201804261751482129,0,0,0,0,0
201804261751482296,0,0,0,0,0
201804261751482472,0,0,0,0,0
201804261751482812,0,0,0,0,0
201804261751482967,0,0,0,0,0
201804261751483129,0,0,0,0,0
201804261751483300,0,0,0,0,0
201804261751483461,0,0,0,0,0
201804261751483801,0,0,0,0,0
201804261751483963,0,0,0,0,0
201804261751484127,0,0,0,0,0
201804261751484295,0,0,0,0,0
201804261751484462,0,0,0,0,0
201804261751484797,0,0,0,0,0
201804261751484962,0,0,0,0,0
201804261751485127,0,0,0,0,0
201804261751485295,0,0,0,0,0
201804261751485462,0,0,0,0,0
201804261751485795,0,0,0,0,0
201804261751485964,0,0,0,0,0
201804261751486124,0,0,0,0,0
201804261751486297,0,0,0,0,0
201804261751486463,0,0,0,0,0
201804261751486801,0,0,0,0,0
201804261751486961,0,0,0,0,0
201804261751487131,0,0,0,0,0
201804261751487293,0,0,0,0,0
201804261751487463,0,0,0,0,0
201804261751487800,0,0,0,0,0
201804261751487964,0,0,0,0,0
201804261751488130,0,0,0,0,0
201804261751488299,0,0,0,0,0
201804261751488466,0,0,0,0,0
201804261751488798,0,0,0,0,0
201804261751488959,0,0,0,0,0
201804261751489128,0,0,0,0,0
201804261751489291,0,0,0,0,0
201804261751489466,0,0,0,0,0
201804261751489793,0,0,0,0,0
201804261751489964,0,0,0,0,0
201804261751490124,0,0,0,0,0
201804261751490294,0,0,0,0,0
201804261751490470,0,0,0,0,0
201804261751490797,0,0,0,0,0
201804261751490978,0,0,0,0,0
201804261751491127,0,0,0,0,0
201804261751491294,0,0,0,0,0
201804261751491461,0,0,0,0,0
201804261751491792,0,0,0,0,0
201804261751491959,0,0,0,0,0
201804261751492126,0,0,0,0,0
201804261751492296,0,0,0,0,0
201804261751492463,0,0,0,0,0
201804261751492798,0,0,0,0,0
201804261751492956,0,0,0,0,0
201804261751493134,0,0,0,0,0
201804261751493297,0,0,0,0,0
201804261751493460,0,0,0,0,0
201804261751493793,0,0,0,0,0
201804261751493964,0,0,0,0,0
201804261751494126,0,0,0,0,0
201804261751494294,0,0,0,0,0
201804261751494459,0,0,0,0,0
201804261751494797,0,0,0,0,0
201804261751494971,0,0,0,0,0
201804261751495125,0,0,0,0,0
201804261751495294,0,0,0,0,0
201804261751495459,0,0,0,0,0
201804261751495793,0,0,0,0,0
201804261751495961,0,0,0,0,0
201804261751496129,0,0,0,0,0
201804261751496291,0,0,0,0,0
201804261751496458,0,0,0,0,0
201804261751496797,0,0,0,0,0
201804261751496955,0,0,0,0,0
201804261751497125,0,0,0,0,0
201804261751497293,0,0,0,0,0
201804261751497464,0,0,0,0,0
201804261751497801,0,0,0,0,0
201804261751497962,0,0,0,0,0
201804261751498126,0,0,0,0,0
201804261751498292,0,0,0,0,0
201804261751498462,0,0,0,0,0
201804261751498791,0,0,0,0,0
201804261751498959,0,0,0,0,0
201804261751499124,0,0,0,0,0
201804261751499298,0,0,0,0,0
201804261751499459,0,0,0,0,0
201804261751499797,0,0,0,0,0
201804261751499962,0,0,0,0,0
201804261751500126,0,0,0,0,0
201804261751500293,0,0,0,0,0
201804261751500461,0,0,0,0,0
201804261751500794,0,0,0,0,0
201804261751500964,0,0,0,0,0
201804261751501119,0,0,0,0,0
201804261751501292,0,0,0,0,0
201804261751501465,0,0,0,0,0
201804261751501790,0,0,0,0,0
201804261751501962,0,0,0,0,0
201804261751502125,0,0,0,0,0
201804261751502291,0,0,0,0,0
201804261751502627,0,0,0,0,0
201804261751502792,0,0,0,0,0
201804261751502963,0,0,0,0,0
201804261751503133,0,0,0,0,0
201804261751503294,0,0,0,0,0
201804261751503475,0,0,0,0,0
201804261751503788,0,0,0,0,0
201804261751503957,0,0,0,0,0
201804261751504124,0,0,0,0,0
201804261751504288,0,0,0,0,0
201804261751504459,0,0,0,0,0
201804261751504795,0,0,0,0,0
201804261751504958,0,0,0,0,0
201804261751505128,0,0,0,0,0
201804261751505289,0,0,0,0,0
201804261751505458,0,0,0,0,0
201804261751505787,0,0,0,0,0
201804261751505962,0,0,0,0,0
201804261751506127,0,0,0,0,0
201804261751506290,0,0,0,0,0
201804261751506632,0,0,0,0,0
201804261751506787,0,0,0,0,0
201804261751506958,0,0,0,0,0
201804261751507123,0,0,0,0,0
201804261751507293,0,0,0,0,0
201804261751507636,0,0,0,0,0
201804261751507805,0,0,0,0,0
201804261751507956,0,0,0,0,0
201804261751508127,0,0,0,0,0
201804261751508291,0,0,0,0,0
201804261751508462,0,0,0,0,0
201804261751508792,0,0,0,0,0
201804261751508961,0,0,0,0,0
201804261751509128,0,0,0,0,0
201804261751509293,0,0,0,0,0
201804261751509461,0,0,0,0,0
201804261751509794,0,0,0,0,0
201804261751509956,0,0,0,0,0
201804261751510137,0,0,0,0,0
201804261751510289,0,0,0,0,0
201804261751510457,0,0,0,0,0
201804261751510789,0,0,0,0,0
201804261751510961,0,0,0,0,0
201804261751511123,0,0,0,0,0
201804261751511298,0,0,0,0,0
201804261751511460,0,0,0,0,0
201804261751511801,0,0,0,0,0
201804261751511956,0,0,0,0,0
201804261751512121,0,0,0,0,0
201804261751512295,0,0,0,0,0
201804261751512466,0,0,0,0,0
201804261751512805,0,0,0,0,0
201804261751512961,0,0,0,0,0
201804261751513121,0,0,0,0,0
201804261751513285,0,0,0,0,0
201804261751513622,0,0,0,0,0
201804261751513788,0,0,0,0,0
201804261751513955,0,0,0,0,0
201804261751514121,0,0,0,0,0
201804261751514292,0,0,0,0,0
201804261751514616,0,0,0,0,0
201804261751514800,0,0,0,0,0
201804261751514959,0,0,0,0,0
201804261751515116,0,0,0,0,0
201804261751515291,0,0,0,0,0
201804261751515626,0,0,0,0,0
201804261751515787,0,0,0,0,0
201804261751515969,0,0,0,0,0
201804261751516132,0,0,0,0,0
201804261751516309,0,0,0,0,0
201804261751516616,0,0,0,0,0
201804261751516797,0,0,0,0,0
201804261751516954,0,0,0,0,0
201804261751517123,0,0,0,0,0
201804261751517288,0,0,0,0,0
201804261751517626,0,0,0,0,0
201804261751517791,0,0,0,0,0
201804261751517959,0,0,0,0,0
201804261751518119,0,0,0,0,0
201804261751518288,0,0,0,0,0
201804261751518467,0,0,0,0,0
201804261751518787,0,0,0,0,0
201804261751518951,0,0,0,0,0
201804261751519121,0,0,0,0,0
201804261751519287,0,0,0,0,0
201804261751519623,0,0,0,0,0
201804261751519789,0,0,0,0,0
201804261751519952,0,0,0,0,0
201804261751520120,0,0,0,0,0
201804261751520297,0,0,0,0,0
201804261751520458,0,0,0,0,0
201804261751520799,0,0,0,0,0
201804261751520974,0,0,0,0,0
201804261751521120,0,0,0,0,0
201804261751521284,0,0,0,0,0
201804261751521621,0,0,0,0,0
201804261751521786,0,0,0,0,0
201804261751521952,0,0,0,0,0
201804261751522120,0,0,0,0,0
201804261751522293,0,0,0,0,0
201804261751522619,0,0,0,0,0
201804261751522787,0,0,0,0,0
201804261751522954,0,0,0,0,0
201804261751523121,0,0,0,0,0
201804261751523290,0,0,0,0,0
201804261751523615,0,0,0,0,0
201804261751523786,0,0,0,0,0
201804261751523956,0,0,0,0,0
201804261751524130,0,0,0,0,0
201804261751524285,0,0,0,0,0
201804261751524619,0,0,0,0,0
201804261751524790,0,0,0,0,0
201804261751524953,0,0,0,0,0
201804261751525138,0,0,0,0,0
201804261751525290,0,0,0,0,0
201804261751525623,0,0,0,0,0
201804261751525786,0,0,0,0,0
201804261751525957,0,0,0,0,0
201804261751526130,0,0,0,0,0
201804261751526288,0,0,0,0,0
201804261751526626,0,0,0,0,0
201804261751526785,0,0,0,0,0
201804261751526953,0,0,0,0,0
201804261751527117,0,0,0,0,0
201804261751527285,0,0,0,0,0
201804261751527618,0,0,0,0,0
201804261751527786,0,0,0,0,0
201804261751527962,0,0,0,0,0
201804261751528129,0,0,0,0,0
201804261751528284,0,0,0,0,0
201804261751528628,0,0,0,0,0
201804261751528798,0,0,0,0,0
201804261751528956,0,0,0,0,0
201804261751529123,0,0,0,0,0
201804261751529285,0,0,0,0,0
201804261751529467,0,0,0,0,0
201804261751529782,0,0,0,0,0
201804261751529952,0,0,0,0,0
201804261751530118,0,0,0,0,0
201804261751530284,0,0,0,0,0
201804261751530633,0,0,0,0,0
201804261751530785,0,0,0,0,0
201804261751530956,0,0,0,0,0
201804261751531124,0,0,0,0,0
201804261751531284,0,0,0,0,0
201804261751531619,0,0,0,0,0
201804261751531780,0,0,0,0,0
201804261751531952,0,0,0,0,0
201804261751532117,0,0,0,0,0
201804261751532284,0,0,0,0,0
201804261751532619,0,0,0,0,0
201804261751532793,0,0,0,0,0
201804261751532954,0,0,0,0,0
201804261751533126,0,0,0,0,0
201804261751533289,0,0,0,0,0
201804261751533621,0,0,0,0,0
201804261751533786,0,0,0,0,0
201804261751533963,0,0,0,0,0
201804261751534113,0,0,0,0,0
201804261751534288,0,0,0,0,0
201804261751534617,0,0,0,0,0
201804261751534785,0,0,0,0,0
201804261751534951,0,0,0,0,0
201804261751535122,0,0,0,0,0
201804261751535285,0,0,0,0,0
201804261751535466,0,0,0,0,0
201804261751535786,0,0,0,0,0
201804261751535952,0,0,0,0,0
201804261751536116,0,0,0,0,0
201804261751536282,0,0,0,0,0
201804261751536461,0,0,0,0,0
201804261751536788,0,0,0,0,0
201804261751536954,0,0,0,0,0
201804261751537118,0,0,0,0,0
201804261751537288,0,0,0,0,0
201804261751537616,0,0,0,0,0
201804261751537781,0,0,0,0,0
201804261751537954,0,0,0,0,0
201804261751538115,0,0,0,0,0
201804261751538287,0,0,0,0,0
201804261751538616,0,0,0,0,0
201804261751538787,0,0,0,0,0
201804261751538949,0,0,0,0,0
201804261751539119,0,0,0,0,0
201804261751539283,0,0,0,0,0
201804261751539616,0,0,0,0,0
201804261751539778,0,0,0,0,0
201804261751539950,0,0,0,0,0
201804261751540116,0,0,0,0,0
201804261751540285,0,0,0,0,0
201804261751540632,0,0,0,0,0
201804261751540783,0,0,0,0,0
201804261751540953,0,0,0,0,0
201804261751541120,0,0,0,0,0
201804261751541282,0,0,0,0,0
201804261751541619,0,0,0,0,0
201804261751541780,0,0,0,0,0
201804261751541950,0,0,0,0,0
201804261751542120,0,0,0,0,0
201804261751542281,0,0,0,0,0
201804261751542618,0,0,0,0,0
201804261751542781,0,0,0,0,0
201804261751542944,0,0,0,0,0
201804261751543116,0,0,0,0,0
201804261751543281,0,0,0,0,0
201804261751543613,0,0,0,0,0
201804261751543785,0,0,0,0,0
201804261751543952,0,0,0,0,0
201804261751544119,0,0,0,0,0
201804261751544281,0,0,0,0,0
201804261751544619,0,0,0,0,0
201804261751544780,0,0,0,0,0
201804261751544963,0,0,0,0,0
201804261751545112,0,0,0,0,0
201804261751545286,0,0,0,0,0
201804261751545616,0,0,0,0,0
201804261751545791,0,0,0,0,0
201804261751545949,0,0,0,0,0
201804261751546121,0,0,0,0,0
201804261751546286,0,0,0,0,0
201804261751546617,0,0,0,0,0
201804261751546781,0,0,0,0,0
201804261751546944,0,0,0,0,0
201804261751547118,0,0,0,0,0
201804261751547286,0,0,0,0,0
201804261751547619,0,0,0,0,0
201804261751547780,0,0,0,0,0
201804261751547951,0,0,0,0,0
201804261751548120,0,0,0,0,0
201804261751548281,0,0,0,0,0
201804261751548617,0,0,0,0,0
201804261751548781,0,0,0,0,0
201804261751548949,0,0,0,0,0
201804261751549114,0,0,0,0,0
201804261751549295,0,0,0,0,0
201804261751549615,0,0,0,0,0
201804261751549775,0,0,0,0,0
201804261751549942,0,0,0,0,0
201804261751550115,0,0,0,0,0
201804261751550286,0,0,0,0,0
201804261751550616,0,0,0,0,0
201804261751550785,0,0,0,0,0
201804261751550944,0,0,0,0,0
201804261751551113,0,0,0,0,0
201804261751551277,0,0,0,0,0
201804261751551612,0,0,0,0,0
201804261751551785,0,0,0,0,0
201804261751551946,0,0,0,0,0
201804261751552112,0,0,0,0,0
201804261751552283,0,0,0,0,0
201804261751552613,0,0,0,0,0
201804261751552779,0,0,0,0,0
201804261751552944,0,0,0,0,0
201804261751553123,0,0,0,0,0
201804261751553294,0,0,0,0,0
201804261751553618,0,0,0,0,0
201804261751553786,0,0,0,0,0
201804261751553950,0,0,0,0,0
201804261751554110,0,0,0,0,0
201804261751554284,0,0,0,0,0
201804261751554617,0,0,0,0,0
201804261751554780,0,0,0,0,0
201804261751554948,0,0,0,0,0
201804261751555118,0,0,0,0,0
201804261751555278,0,0,0,0,0
201804261751555610,0,0,0,0,0
201804261751555790,0,0,0,0,0
201804261751555944,0,0,0,0,0
201804261751556110,0,0,0,0,0
201804261751556278,0,0,0,0,0
201804261751556610,0,0,0,0,0
201804261751556788,0,0,0,0,0
201804261751556944,0,0,0,0,0
201804261751557113,0,0,0,0,0
201804261751557291,0,0,0,0,0
201804261751557623,0,0,0,0,0
201804261751557781,0,0,0,0,0
201804261751557960,0,0,0,0,0
201804261751558121,0,0,0,0,0
201804261751558278,0,0,0,0,0
201804261751558616,0,0,0,0,0
201804261751558793,0,0,0,0,0
201804261751558954,0,0,0,0,0
201804261751559110,0,0,0,0,0
201804261751559280,0,0,0,0,0
201804261751559612,0,0,0,0,0
201804261751559782,0,0,0,0,0
201804261751559947,0,0,0,0,0
201804261751560113,0,0,0,0,0
201804261751560280,0,0,0,0,0
201804261751560612,0,0,0,0,0
201804261751560777,0,0,0,0,0
201804261751560942,0,0,0,0,0
201804261751561114,0,0,0,0,0
201804261751561274,0,0,0,0,0
201804261751561625,0,0,0,0,0
201804261751561784,0,0,0,0,0
201804261751561950,0,0,0,0,0
201804261751562115,0,0,0,0,0
201804261751562282,0,0,0,0,0
201804261751562466,0,0,0,0,0
201804261751562781,0,0,0,0,0
201804261751562950,0,0,0,0,0
201804261751563111,0,0,0,0,0
201804261751563283,0,0,0,0,0
201804261751563617,0,0,0,0,0
201804261751563782,0,0,0,0,0
201804261751563949,0,0,0,0,0
201804261751564115,0,0,0,0,0
201804261751564282,0,0,0,0,0
201804261751564619,0,0,0,0,0
201804261751564782,0,0,0,0,0
201804261751564948,0,0,0,0,0
201804261751565144,0,0,0,0,0
201804261751565274,0,0,0,0,0
201804261751565605,0,0,0,0,0
201804261751565787,0,0,0,0,0
201804261751565951,0,0,0,0,0
201804261751566110,0,0,0,0,0
201804261751566277,0,0,0,0,0
201804261751566625,0,0,0,0,0
201804261751566779,0,0,0,0,0
201804261751566941,0,0,0,0,0
201804261751567116,0,0,0,0,0
201804261751567278,0,0,0,0,0
201804261751567608,0,0,0,0,0
201804261751567778,0,0,0,0,0
201804261751567940,0,0,0,0,0
201804261751568109,0,0,0,0,0
201804261751568279,0,0,0,0,0
201804261751568611,0,0,0,0,0
201804261751568780,0,0,0,0,0
201804261751568938,0,0,0,0,0
201804261751569114,0,0,0,0,0
201804261751569309,0,0,0,0,0
201804261751569606,0,0,0,0,0
201804261751569776,0,0,0,0,0
201804261751569960,0,0,0,0,0
201804261751570106,0,0,0,0,0
201804261751570285,0,0,0,0,0
201804261751570511,0,0,0,0,0
201804261751570782,0,0,0,0,0
201804261751570946,0,0,0,0,0
201804261751571119,0,0,0,0,0
201804261751571287,0,0,0,0,0
201804261751571611,0,0,0,0,0
201804261751571784,0,0,0,0,0
201804261751571941,0,0,0,0,0
201804261751572107,0,0,0,0,0
201804261751572278,0,0,0,0,0
201804261751572617,0,0,0,0,0
201804261751572775,0,0,0,0,0
201804261751572943,0,0,0,0,0
201804261751573108,0,0,0,0,0
201804261751573279,0,0,0,0,0
201804261751573609,0,0,0,0,0
201804261751573789,0,0,0,0,0
201804261751573940,0,0,0,0,0
201804261751574111,0,0,0,0,0
201804261751574276,0,0,0,0,0
201804261751574607,0,0,0,0,0
201804261751574775,0,0,0,0,0
201804261751574942,0,0,0,0,0
201804261751575107,0,0,0,0,0
201804261751575274,0,0,0,0,0
201804261751575604,0,0,0,0,0
201804261751575776,0,0,0,0,0
201804261751575940,0,0,0,0,0
201804261751576106,0,0,0,0,0
201804261751576278,0,0,0,0,0
201804261751576608,0,0,0,0,0
201804261751576774,0,0,0,0,0
201804261751576943,0,0,0,0,0
201804261751577109,0,0,0,0,0
201804261751577272,0,0,0,0,0
201804261751577608,0,0,0,0,0
201804261751577778,0,0,0,0,0
201804261751577935,0,0,0,0,0
201804261751578116,0,0,0,0,0
201804261751578276,0,0,0,0,0
201804261751578607,0,0,0,0,0
201804261751578768,0,0,0,0,0
201804261751578940,0,0,0,0,0
201804261751579107,0,0,0,0,0
201804261751579272,0,0,0,0,0
201804261751579602,0,0,0,0,0
201804261751579771,0,0,0,0,0
201804261751579944,0,0,0,0,0
201804261751580105,0,0,0,0,0
201804261751580274,0,0,0,0,0
201804261751580607,0,0,0,0,0
201804261751580774,0,0,0,0,0
201804261751580946,0,0,0,0,0
201804261751581106,0,0,0,0,0
201804261751581267,0,0,0,0,0
201804261751581606,0,0,0,0,0
201804261751581773,0,0,0,0,0
201804261751581936,0,0,0,0,0
201804261751582116,0,0,0,0,0
201804261751582276,0,0,0,0,0
201804261751582604,0,0,0,0,0
201804261751582771,0,0,0,0,0
201804261751582938,0,0,0,0,0
201804261751583104,0,0,0,0,0
201804261751583272,0,0,0,0,0
201804261751583605,0,0,0,0,0
201804261751583789,0,0,0,0,0
201804261751583938,0,0,0,0,0
201804261751584102,0,0,0,0,0
201804261751584281,0,0,0,0,0
201804261751584604,0,0,0,0,0
201804261751584771,0,0,0,0,0
201804261751584938,0,0,0,0,0
201804261751585104,0,0,0,0,0
201804261751585272,0,0,0,0,0
201804261751585600,0,0,0,0,0
201804261751585771,0,0,0,0,0
201804261751585936,0,0,0,0,0
201804261751586106,0,0,0,0,0
201804261751586286,0,0,0,0,0
201804261751586617,0,0,0,0,0
201804261751586772,0,0,0,0,0
201804261751586937,0,0,0,0,0
201804261751587104,0,0,0,0,0
201804261751587272,0,0,0,0,0
201804261751587608,0,0,0,0,0
201804261751587786,0,0,0,0,0
201804261751587938,0,0,0,0,0
201804261751588105,0,0,0,0,0
201804261751588272,0,0,0,0,0
201804261751588602,1,0,0,0,0
201804261751588771,1,0,0,0,0
201804261751588942,1,0,0,0,0
201804261751589104,1,0,0,0,0
201804261751589273,1,0,0,0,0
201804261751589601,1,0,0,0,0
201804261751589773,1,0,0,0,0
201804261751589940,1,0,0,0,0
201804261751590102,1,0,0,0,0
201804261751590276,1,0,1,0,0
201804261751590612,1,0,1,0,0
201804261751590771,1,0,1,0,0
201804261751590938,1,0,1,0,0
201804261751591100,1,0,1,0,0
201804261751591270,1,0,1,0,0
201804261751591604,1,0,1,0,0
201804261751591770,1,0,1,0,0
201804261751591941,1,0,1,0,0
201804261751592104,1,0,1,0,0
201804261751592268,1,0,1,0,0
201804261751592601,1,0,1,0,0
201804261751592771,1,0,1,0,0
201804261751592934,1,0,1,0,0
201804261751593105,1,0,1,0,0
201804261751593271,1,0,1,0,0
201804261751593604,1,0,1,0,0
201804261751593771,1,0,1,0,0
201804261751593932,1,0,1,0,0
201804261751594108,1,0,1,0,0
201804261751594271,1,0,1,0,0
201804261751594604,1,0,1,0,0
201804261751594769,1,0,1,0,0
201804261751594937,1,0,1,0,0
201804261751595104,1,0,1,0,0
201804261751595269,1,0,1,0,0
201804261751595604,1,0,1,0,0
201804261751595771,1,0,1,0,0
201804261751595937,1,0,1,0,0
201804261751596103,1,0,1,0,0
201804261751596270,1,0,1,0,0
201804261751596597,1,0,1,0,0
201804261751596771,1,0,1,0,0
201804261751596934,1,0,1,0,0
201804261751597100,1,0,1,0,0
201804261751597269,1,0,1,0,0
201804261751597602,1,0,1,0,0
201804261751597780,1,0,1,0,0
201804261751597932,1,0,1,0,0
201804261751598099,1,0,1,0,0
201804261751598271,1,0,1,0,0
201804261751598605,1,0,0,0,0
201804261751598768,1,0,0,0,0
201804261751598935,1,0,0,0,0
201804261751599116,1,0,0,0,0
201804261751599272,1,0,0,0,0
201804261751599599,1,0,0,0,0
201804261751599783,1,0,0,0,0
201804261751599931,1,0,0,0,0
201804261752000099,1,0,0,0,0
201804261752000269,1,0,0,0,0
201804261752000595,1,0,0,0,0
201804261752000766,1,0,0,0,0
201804261752000931,1,0,0,0,0
201804261752001102,1,0,0,0,0
201804261752001272,1,0,0,0,0
201804261752001599,1,0,0,1,0
201804261752001769,1,0,0,1,0
201804261752001930,1,0,0,1,0
201804261752002101,1,0,0,1,0
201804261752002265,1,0,0,1,0
201804261752002601,1,0,0,1,0
201804261752002764,1,0,0,1,0
201804261752002929,1,0,0,1,0
201804261752003105,1,0,0,1,0
201804261752003265,1,0,0,1,0
201804261752003602,1,0,0,1,0
201804261752003766,1,0,0,1,0
201804261752003932,1,0,0,1,0
201804261752004103,1,0,0,1,0
201804261752004267,1,0,0,1,0
201804261752004604,1,0,0,1,0
201804261752004770,1,0,0,1,0
201804261752004944,1,0,0,1,0
201804261752005101,1,0,0,1,0
201804261752005267,1,0,0,1,0
201804261752005602,1,0,0,1,0
201804261752005770,1,0,0,1,0
201804261752005933,1,0,0,1,0
201804261752006105,1,0,0,1,0
201804261752006271,1,0,0,1,0
201804261752006598,1,0,0,1,0
201804261752006774,1,0,0,1,0
201804261752006933,1,0,0,1,0
201804261752007099,1,0,0,1,0
201804261752007277,1,0,0,1,0
201804261752007596,1,0,0,1,0
201804261752007767,1,0,0,1,0
201804261752007929,1,0,0,1,0
201804261752008100,1,0,0,1,0
201804261752008267,1,0,0,1,0
201804261752008599,1,0,0,1,0
201804261752008770,1,0,0,1,0
201804261752008931,1,0,0,1,0
201804261752009098,1,0,0,1,0
201804261752009266,1,0,0,1,0
201804261752009599,1,0,0,1,0
201804261752009766,1,0,0,1,0
201804261752009930,1,0,0,1,0
201804261752010098,1,0,0,1,0
201804261752010265,1,0,0,1,0
201804261752010603,1,0,0,1,0
201804261752010766,1,0,0,1,0
201804261752010932,1,0,0,1,0
201804261752011099,1,0,0,1,0
201804261752011271,1,0,0,1,0
201804261752011611,1,0,0,1,0
201804261752011765,1,0,0,1,0
201804261752011932,1,0,0,1,0
201804261752012106,1,0,0,1,0
201804261752012267,1,0,0,1,0
201804261752012598,1,0,0,1,0
201804261752012768,1,0,0,1,0
201804261752012931,1,0,0,1,0
201804261752013097,1,0,0,1,0
201804261752013266,1,0,0,1,0
201804261752013603,1,0,0,1,0
201804261752013765,1,0,0,1,0
201804261752013931,1,0,0,1,0
201804261752014096,1,0,0,1,0
201804261752014270,1,0,0,1,0
201804261752014593,1,0,0,1,0
201804261752014766,1,0,0,1,0
201804261752014929,1,0,0,1,0
201804261752015098,1,0,0,1,0
201804261752015266,1,0,0,1,0
201804261752015598,0,0,0,0,0
201804261752015765,0,0,0,0,0
201804261752015935,0,0,0,0,0
201804261752016116,0,0,0,0,0
201804261752016267,0,0,0,0,0
201804261752016601,0,0,0,0,0
201804261752016769,0,0,0,0,0
201804261752016936,0,0,0,0,0
201804261752017092,0,0,0,0,0
201804261752017264,0,0,1,0,0
201804261752017597,0,0,1,0,0
201804261752017779,0,0,1,0,0
201804261752017929,0,0,1,0,0
201804261752018097,0,0,1,0,0
201804261752018275,0,0,1,0,0
201804261752018597,0,0,1,0,0
201804261752018778,0,0,1,0,0
201804261752018949,0,0,1,0,0
201804261752019095,0,0,1,0,0
201804261752019262,0,0,1,0,0
201804261752019601,0,0,1,0,0
201804261752019769,0,0,1,0,0
201804261752019925,0,0,1,0,0
201804261752020097,0,0,1,0,0
201804261752020266,0,0,1,0,0
201804261752020603,0,0,0,0,0
201804261752020764,0,0,0,0,0
201804261752020930,0,0,0,0,0
201804261752021096,0,0,0,0,0
201804261752021262,0,0,0,0,0
201804261752021598,0,0,0,0,0
201804261752021762,0,0,0,0,0
201804261752021933,0,0,0,0,0
201804261752022095,0,0,0,0,0
201804261752022263,0,0,0,0,0
201804261752022597,0,0,0,0,0
201804261752022763,0,0,0,0,0
201804261752022934,0,0,0,0,1
201804261752023097,0,0,0,0,0
201804261752023267,0,0,0,0,0
201804261752023618,0,0,0,0,0
201804261752023761,0,0,0,0,0
201804261752023934,0,0,0,0,0
201804261752024097,0,0,0,0,0
201804261752024269,0,0,0,0,0
201804261752024600,0,0,0,0,0
201804261752024765,0,0,0,0,0
201804261752024930,0,0,0,0,0
201804261752025091,0,0,0,0,0
201804261752025263,0,0,0,0,0
201804261752025601,0,0,0,0,0
201804261752025761,0,0,0,0,0
201804261752025927,0,0,0,0,0
201804261752026100,0,0,0,0,0
201804261752026261,0,0,0,0,0
201804261752026601,0,0,0,0,0
201804261752026761,0,0,0,0,0
201804261752026929,0,0,0,0,0
201804261752027106,0,0,0,0,0
201804261752027261,0,0,0,0,0
201804261752027595,0,0,0,0,0
201804261752027761,0,0,0,0,0
201804261752027940,0,0,0,0,0
201804261752028096,0,0,0,0,0
201804261752028261,0,0,0,0,0
201804261752028595,0,0,0,0,0
201804261752028771,0,0,0,0,0
201804261752028932,0,0,0,0,0
201804261752029095,0,0,0,0,0
201804261752029263,0,0,0,0,0
201804261752029600,0,0,0,0,0
201804261752029762,1,0,0,0,0
201804261752029930,1,0,0,0,0
201804261752030091,1,0,0,0,0
201804261752030264,1,0,0,0,0
201804261752030599,1,0,0,0,0
201804261752030764,1,0,0,0,0
201804261752030929,1,0,0,0,0
201804261752031095,1,0,0,0,0
201804261752031259,1,0,0,0,0
201804261752031606,1,0,0,0,0
201804261752031762,1,0,0,0,0
201804261752031941,1,0,0,0,0
201804261752032094,1,0,0,0,0
201804261752032265,1,0,0,0,0
201804261752032599,1,0,0,0,0
201804261752032762,1,0,0,0,0
201804261752032926,1,0,0,0,0
201804261752033097,1,0,0,0,0
201804261752033261,1,0,1,0,0
201804261752033595,1,0,1,0,0
201804261752033759,1,0,1,0,0
201804261752033927,1,0,1,0,0
201804261752034096,1,0,1,0,0
201804261752034265,1,0,1,0,0
201804261752034599,1,0,1,0,0
201804261752034764,1,0,1,0,0
201804261752034926,1,0,1,0,0
201804261752035094,1,0,1,0,0
201804261752035264,1,0,1,0,0
201804261752035591,1,0,1,0,0
201804261752035760,1,0,1,0,0
201804261752035927,1,0,1,0,0
201804261752036108,1,0,1,0,0
201804261752036262,1,0,1,0,0
201804261752036598,1,0,1,0,0
201804261752036774,1,0,1,0,0
201804261752036931,1,0,1,0,0
201804261752037093,1,0,1,0,0
201804261752037259,1,0,1,0,0
201804261752037593,1,0,1,0,0
201804261752037759,1,0,1,0,0
201804261752037931,1,0,1,0,0
201804261752038092,1,0,1,0,0
201804261752038264,1,0,1,0,0
201804261752038588,1,0,1,0,0
201804261752038759,1,0,1,0,0
201804261752038926,1,0,1,0,0
201804261752039092,1,0,1,0,0
201804261752039258,1,0,1,0,0
201804261752039590,1,0,1,0,0
201804261752039759,1,0,1,0,0
201804261752039924,1,0,1,0,0
201804261752040092,1,0,1,0,0
201804261752040264,1,0,1,0,0
201804261752040587,1,0,1,0,0
201804261752040759,1,0,1,0,0
201804261752040925,1,0,1,0,0
201804261752041090,1,0,1,0,0
201804261752041263,1,0,1,0,0
201804261752041592,1,0,0,1,0
201804261752041757,1,0,0,1,0
201804261752041924,1,0,0,1,0
201804261752042101,1,0,0,1,0
201804261752042259,1,0,0,1,0
201804261752042589,1,0,0,1,0
201804261752042765,1,0,0,1,0
201804261752042921,1,0,0,1,0
201804261752043088,1,0,0,1,0
201804261752043259,1,0,0,1,0
201804261752043597,1,0,0,1,0
201804261752043761,1,0,0,1,0
201804261752043926,1,0,0,1,0
201804261752044090,1,0,0,1,0
201804261752044424,1,0,0,1,0
201804261752044591,1,0,0,1,0
201804261752044755,1,0,0,1,0
201804261752044925,1,0,0,1,0
201804261752045091,1,0,0,1,0
201804261752045257,1,0,0,1,0
201804261752045594,1,0,0,1,0
201804261752045759,1,0,0,1,0
201804261752045925,1,0,0,1,0
201804261752046089,1,0,0,1,0
201804261752046427,1,0,0,1,0
201804261752046592,1,0,0,1,0
201804261752046758,1,0,0,1,0
201804261752046929,1,0,0,1,0
201804261752047090,1,0,0,1,0
201804261752047265,1,0,0,1,0
201804261752047603,1,0,0,1,0
201804261752047757,1,0,0,1,0
201804261752047926,1,0,0,1,0
201804261752048088,1,0,0,1,0
201804261752048258,1,0,0,1,0
201804261752048595,1,0,0,1,0
201804261752048758,1,0,0,1,0
201804261752048922,1,0,0,1,1
201804261752049088,1,0,0,1,0
201804261752049259,1,0,0,1,0
201804261752049593,1,0,0,1,0
201804261752049757,1,0,0,1,0
201804261752049923,1,0,0,1,0
201804261752050094,1,0,0,1,0
201804261752050421,1,0,0,1,0
201804261752050590,1,0,0,1,0
201804261752050760,1,0,0,1,0
201804261752050917,1,0,0,1,0
201804261752051084,1,0,0,1,0
201804261752051427,1,0,0,1,0
201804261752051595,1,0,0,1,0
201804261752051757,1,0,0,1,0
201804261752051939,1,0,0,1,0
201804261752052089,1,0,0,1,0
201804261752052260,1,0,0,1,0
201804261752052587,1,0,0,1,0
201804261752052752,1,0,0,1,0
201804261752052917,1,0,0,1,0
201804261752053100,1,0,0,1,0
201804261752053424,1,0,0,1,0
201804261752053589,1,0,0,1,0
201804261752053758,1,0,0,1,0
201804261752053923,1,0,0,1,0
201804261752054097,1,0,0,1,0
201804261752054422,1,0,1,0,0
201804261752054589,1,0,1,0,0
201804261752054755,1,0,1,0,0
201804261752054923,1,0,1,0,0
201804261752055088,1,0,1,0,0
201804261752055426,1,0,1,0,0
201804261752055589,1,0,1,0,0
201804261752055755,1,0,1,0,0
201804261752055926,1,0,1,0,0
201804261752056097,0,0,1,0,0
201804261752056422,0,0,1,0,0
201804261752056608,0,0,1,0,1
201804261752056766,0,0,1,0,0
201804261752056922,0,0,1,0,0
201804261752057093,0,0,1,0,0
201804261752057425,0,0,1,0,0
201804261752057589,1,0,1,0,0
201804261752057756,1,0,1,0,0
201804261752057921,1,0,1,0,0
201804261752058090,1,0,0,0,0
201804261752058420,1,0,0,0,0
201804261752058591,1,0,0,0,0
201804261752058760,1,0,0,0,0
201804261752058922,1,0,0,0,0
201804261752059087,1,0,0,0,0
201804261752059259,1,0,0,0,0
201804261752059592,1,0,0,0,0
201804261752059754,1,0,0,0,0
201804261752059925,1,0,0,0,0
201804261752060092,1,0,0,0,0
201804261752060424,1,0,0,0,0
201804261752060587,1,0,1,0,0
201804261752060767,1,0,1,0,0
201804261752060935,1,0,1,0,0
201804261752061088,1,0,1,0,0
201804261752061427,1,0,1,0,0
201804261752061582,1,0,1,0,0
201804261752061754,1,0,1,0,0
201804261752061922,1,0,1,0,0
201804261752062093,1,0,1,0,0
201804261752062421,1,0,1,0,0
201804261752062586,1,0,1,0,0
201804261752062755,1,0,1,0,0
201804261752062920,1,0,0,0,0
201804261752063087,1,0,0,0,0
201804261752063418,1,0,0,0,0
201804261752063588,1,0,0,0,0
201804261752063754,1,0,0,0,0
201804261752063920,1,0,0,0,0
201804261752064090,1,0,0,0,0
201804261752064420,1,0,0,0,0
201804261752064591,1,0,0,0,0
201804261752064752,1,0,1,0,0
201804261752064921,1,0,1,0,0
201804261752065089,1,0,1,0,0
201804261752065420,1,0,1,0,0
201804261752065586,1,0,1,0,0
201804261752065759,1,0,1,0,0
201804261752065924,1,0,1,0,0
201804261752066086,1,0,1,0,0
201804261752066420,1,0,1,0,0
201804261752066584,1,0,1,0,0
201804261752066755,1,0,1,0,0
201804261752066920,1,0,1,0,0
201804261752067086,1,0,1,0,0
201804261752067418,1,0,1,0,0
201804261752067587,1,0,1,0,0
201804261752067754,1,0,1,0,0
201804261752067919,1,0,1,0,0
201804261752068097,1,0,1,0,0
201804261752068420,1,0,0,0,0
201804261752068601,1,0,0,0,0
201804261752068752,1,0,0,0,0
201804261752068918,1,0,0,0,0
201804261752069085,1,0,0,0,0
201804261752069267,1,0,0,0,0
201804261752069593,1,0,0,0,0
201804261752069767,1,0,0,0,0
201804261752069918,1,0,0,0,0
201804261752070086,1,0,0,0,0
201804261752070435,1,0,0,0,0
201804261752070586,1,0,0,0,0
201804261752070753,1,0,0,0,0
201804261752070920,1,0,0,0,0
201804261752071085,1,0,0,0,0
201804261752071419,1,0,0,0,0
201804261752071587,1,0,0,0,0
201804261752071757,1,0,0,0,0
201804261752071919,1,0,0,0,0
201804261752072090,1,0,0,0,0
201804261752072419,1,0,0,0,0
201804261752072585,1,0,0,0,0
201804261752072753,1,0,0,0,0
201804261752072914,1,0,0,1,0
201804261752073094,1,0,0,1,0
201804261752073266,1,0,0,1,0
201804261752073584,1,0,0,1,0
201804261752073757,1,0,0,1,0
201804261752073919,1,0,0,1,0
201804261752074089,1,0,0,1,0
201804261752074414,1,0,0,1,0
201804261752074586,1,0,0,1,0
201804261752074751,1,0,0,1,0
201804261752074917,1,0,0,1,0
201804261752075085,1,0,0,1,0
201804261752075421,1,0,0,1,0
201804261752075603,1,0,0,1,0
201804261752075750,1,0,0,1,0
201804261752075919,1,0,0,1,0
201804261752076087,1,0,0,1,0
201804261752076419,0,0,0,1,0
201804261752076584,0,0,0,1,0
201804261752076754,0,0,0,1,0
201804261752076915,0,0,0,1,1
201804261752077086,0,0,0,1,0
201804261752077431,0,0,0,1,0
201804261752077602,0,0,0,1,0
201804261752077752,0,0,0,1,0
201804261752077913,0,0,0,1,0
201804261752078084,0,0,0,1,0
201804261752078422,0,0,0,1,0
201804261752078586,0,0,0,1,0
201804261752078761,0,0,0,1,0
201804261752078921,0,0,0,1,0
201804261752079089,0,0,0,1,0
201804261752079422,0,0,0,1,0
201804261752079587,0,0,0,1,0
201804261752079749,0,0,0,1,0
201804261752079916,0,0,0,1,0
201804261752080089,0,0,0,1,0
201804261752080419,0,0,0,1,0
201804261752080586,0,0,0,1,1
201804261752080768,0,0,0,1,0
201804261752080918,0,0,0,1,0
201804261752081088,0,0,0,1,0
201804261752081416,0,0,1,0,0
201804261752081592,0,0,1,0,0
201804261752081752,0,0,1,0,1
201804261752081920,0,0,1,0,0
201804261752082087,0,0,1,0,0
201804261752082416,0,0,1,0,0
201804261752082588,0,0,1,0,0
201804261752082751,0,0,1,0,0
201804261752082917,0,0,0,0,1
201804261752083087,0,0,0,0,0
201804261752083418,0,0,0,0,0
201804261752083588,0,0,0,0,0
201804261752083755,0,0,0,0,0
201804261752083922,0,0,0,0,0
201804261752084088,0,0,0,0,0
201804261752084420,0,0,0,1,0
201804261752084582,0,0,0,1,1
201804261752084750,0,0,0,1,0
201804261752084918,0,0,0,0,0
201804261752085081,0,0,0,0,0
201804261752085415,0,0,0,0,0
201804261752085597,0,0,0,0,0
201804261752085752,0,0,0,0,0
201804261752085918,0,0,0,0,0
201804261752086083,0,0,0,0,0
201804261752086421,0,0,0,0,0
201804261752086591,0,0,0,0,0
201804261752086748,0,0,0,0,0
201804261752086915,0,0,0,0,0
201804261752087081,0,0,1,0,0
201804261752087417,0,0,1,0,0
201804261752087581,0,0,1,0,0
201804261752087748,0,0,1,0,0
201804261752087915,0,0,1,0,0
201804261752088085,0,0,1,0,0
201804261752088411,0,0,1,0,0
201804261752088582,0,0,1,0,0
201804261752088748,0,0,1,0,0
201804261752088924,0,0,1,0,0
201804261752089085,0,0,1,0,0
201804261752089415,0,0,1,0,0
201804261752089581,0,0,1,0,0
201804261752089758,0,0,1,0,1
201804261752089914,0,0,1,0,0
201804261752090077,0,0,1,0,0
201804261752090262,0,0,1,0,0
201804261752090581,0,0,1,0,0
201804261752090746,0,0,1,0,0
201804261752090915,0,0,1,0,0
201804261752091083,0,0,1,0,0
201804261752091414,0,0,1,0,0
201804261752091591,0,0,1,0,0
201804261752091752,0,0,1,0,0
201804261752091915,0,0,1,0,0
201804261752092087,0,0,1,0,0
201804261752092413,0,0,1,0,0
201804261752092583,0,0,1,0,1
201804261752092748,0,0,1,0,0
201804261752092914,0,0,1,0,0
201804261752093080,0,0,1,0,0
201804261752093416,0,0,1,0,0
201804261752093597,0,0,1,0,0
201804261752093750,0,0,1,0,0
201804261752093912,0,0,1,0,0
201804261752094079,0,0,1,0,1
201804261752094421,0,0,1,0,0
201804261752094583,0,0,1,0,0
201804261752094754,0,0,0,0,0
201804261752094916,1,0,0,0,0
201804261752095084,1,0,0,0,0
201804261752095420,1,0,0,0,0
201804261752095579,1,0,0,0,0
201804261752095751,1,0,0,0,0
201804261752095912,1,0,0,0,0
201804261752096079,1,0,0,0,0
201804261752096417,1,0,0,0,0
201804261752096578,1,0,0,0,0
201804261752096749,1,0,0,0,0
201804261752096928,1,0,0,0,0
201804261752097076,1,0,0,1,0
201804261752097412,1,0,0,1,0
201804261752097583,1,0,0,1,0
201804261752097759,1,0,0,1,0
201804261752097912,1,0,0,1,0
201804261752098097,1,0,0,1,0
201804261752098411,1,0,0,1,0
201804261752098583,1,0,0,1,0
201804261752098750,1,0,0,1,0
201804261752098910,1,0,0,1,0
201804261752099082,1,0,0,1,0
201804261752099416,1,0,0,1,0
201804261752099577,1,0,0,1,0
201804261752099747,1,0,0,1,0
201804261752099910,1,0,0,1,0
201804261752100074,1,0,0,1,0
201804261752100415,1,0,0,1,0
201804261752100579,1,0,0,1,0
201804261752100747,1,0,0,1,0
201804261752100909,1,0,0,1,0
201804261752101075,1,0,0,1,0
201804261752101261,1,0,0,0,0
201804261752101580,1,0,1,0,0
201804261752101770,1,0,1,0,0
201804261752101916,1,0,1,0,0
201804261752102078,1,0,1,0,0
201804261752102410,1,0,1,0,0
201804261752102583,1,0,1,0,0
201804261752102746,1,0,1,0,0
201804261752102913,1,0,1,0,0
201804261752103078,1,0,1,0,0
201804261752103426,1,0,1,0,0
201804261752103581,1,0,1,0,0
201804261752103742,1,0,1,0,0
201804261752103907,1,0,1,0,0
201804261752104087,1,0,1,0,0
201804261752104413,1,0,1,0,0
201804261752104579,1,0,1,0,0
201804261752104740,1,0,1,0,0
201804261752104910,1,0,1,0,0
201804261752105075,1,0,1,0,0
201804261752105406,1,0,1,0,0
201804261752105572,1,0,1,0,0
201804261752105744,1,0,1,0,0
201804261752105910,1,0,1,0,0
201804261752106075,1,0,1,0,0
201804261752106424,1,0,1,0,0
201804261752106596,1,0,1,0,0
201804261752106741,1,0,1,0,0
201804261752106907,1,0,1,0,0
201804261752107077,1,0,1,0,0
201804261752107403,1,0,1,0,0
201804261752107574,1,0,1,0,0
201804261752107744,1,0,1,0,0
201804261752107910,1,0,1,0,0
201804261752108075,1,0,1,0,0
201804261752108411,1,0,1,0,0
201804261752108576,1,0,1,0,0
201804261752108742,1,0,1,0,0
201804261752108907,1,0,1,0,0
201804261752109083,1,0,1,0,0
201804261752109407,1,0,1,0,0
201804261752109580,1,0,1,0,0
201804261752109741,1,0,1,0,0
201804261752109907,1,0,1,0,0
201804261752110076,1,0,1,0,0
201804261752110404,1,0,1,0,0
201804261752110588,1,0,1,0,0
201804261752110754,1,0,1,0,0
201804261752110905,1,0,1,0,0
201804261752111086,1,0,1,0,0
201804261752111407,1,0,1,0,0
201804261752111578,1,0,1,0,0
201804261752111744,1,0,1,0,0
201804261752111913,1,0,1,0,0
201804261752112075,1,0,1,0,0
201804261752112405,1,0,1,0,0
201804261752112580,1,0,1,0,0
201804261752112744,1,0,1,0,0
201804261752112906,1,0,1,0,0
201804261752113079,1,0,1,0,0
201804261752113403,1,0,1,0,0
201804261752113570,1,0,1,0,0
201804261752113741,1,0,1,0,0
201804261752113907,1,0,1,0,0
201804261752114076,1,0,1,0,0
201804261752114410,1,0,1,0,0
201804261752114576,1,0,1,0,0
201804261752114741,1,0,1,0,0
201804261752114910,1,0,1,0,0
201804261752115071,1,0,1,0,0
201804261752115408,1,0,1,0,0
201804261752115573,1,0,1,0,1
201804261752115741,1,0,1,0,0
201804261752115904,1,0,1,0,0
201804261752116073,1,0,1,0,0
201804261752116409,1,0,1,0,0
201804261752116574,1,0,1,0,0
201804261752116744,1,0,1,0,1
201804261752116915,1,0,1,0,0
201804261752117074,1,0,1,0,0
201804261752117408,1,0,1,0,0
201804261752117595,1,0,1,0,0
201804261752117746,1,0,1,0,0
201804261752117904,1,0,1,0,0
201804261752118074,1,0,1,0,0
201804261752118403,1,0,1,0,0
201804261752118573,1,0,1,0,0
201804261752118741,1,0,0,0,0
201804261752118927,1,0,0,0,0
201804261752119076,1,0,0,0,0
201804261752119402,1,0,0,1,0
201804261752119593,1,0,0,1,0
201804261752119744,1,0,0,1,0
201804261752119907,1,0,0,1,0
201804261752120087,1,0,0,1,0
201804261752120404,1,0,0,1,0

