timestamp,joy,anger,suprise
201804261806451866,99.72066,5.770472E-06,0.550032
201804261806452030,99.68929,5.767754E-06,0.4239705
201804261806452532,99.68794,5.783077E-06,0.4185385
201804261806453204,99.66971,5.773929E-06,0.36388
201804261806453866,99.62739,5.798131E-06,0.2711738
201804261806454533,99.6004,5.810652E-06,0.230005
201804261806455033,99.58858,5.81114E-06,0.2182107
201804261806455699,99.57563,5.946928E-06,0.2081094
201804261806456366,99.53408,6.087455E-06,0.2036833
201804261806457033,99.14725,7.785811E-06,0.2015903
201804261806457532,97.54565,1.195498E-05,0.1979568
201804261806458198,15.3882,0.0001061894,0.1974596
201804261806458863,0.05513569,0.001120194,0.1975497
201804261806459527,0.004797438,0.003019101,0.1968027
201804261806460193,0.002194803,0.00412597,0.1974085
201804261806460697,0.001942676,0.004297022,0.1983731
201804261806467532,0.00182151,0.004541073,0.194857
201804261806467865,0.002052211,0.003339077,0.2332424
201804261806468366,0.00347011,0.002583977,0.2403979
201804261806469033,0.004162821,0.00267566,0.2220102
201804261806469529,0.00280273,0.003249417,0.2166662
201804261806470196,0.002255671,0.003696439,0.2103586
201804261806470865,0.001950448,0.003948858,0.20936
201804261806471366,0.001848549,0.003860949,0.216227
201804261806471865,0.001682123,0.003465927,0.2405115
201804261806472365,0.001367465,0.002374848,0.3368019
201804261806473029,0.001294818,0.002031603,0.3831084
201804261806473697,0.001351921,0.001940624,0.3905065
201804261806474360,0.001361346,0.001744281,0.4206958
201804261806475029,0.001482514,0.001991276,0.3724422
201804261806475527,0.00149696,0.002171381,0.3490373
201804261806476038,0.001523948,0.002217842,0.3420054
201804261806476694,0.001640553,0.002433561,0.3127211
201804261806477193,0.001766139,0.002620378,0.2901452
201804261806477865,0.001809978,0.002741898,0.2804404
201804261806478360,0.001824285,0.002694671,0.2866844
201804261806479026,0.001828569,0.002628212,0.2878917
201804261806479692,0.001833282,0.002724453,0.2810521
201804261806480360,0.00183941,0.002826279,0.2741638
201804261806481027,0.001848937,0.003154761,0.2546278
201804261806481693,0.001869133,0.00346598,0.2405196
201804261806482356,0.001888986,0.003738622,0.2320968
201804261806482862,0.001892255,0.00391041,0.2289886
201804261806483526,0.001914273,0.00391104,0.2372431
201804261806484191,0.001890107,0.003803932,0.2350765
201804261806484692,0.00187079,0.003647986,0.2364112
201804261806485193,0.001881713,0.003557847,0.2440401
201804261806485859,0.001882596,0.003510159,0.2490844
201804261806486358,0.001884677,0.003206494,0.2657872
201804261806487025,0.001909505,0.002965244,0.2883402
201804261806487692,0.00191656,0.002975418,0.2882606
201804261806488358,0.001958709,0.003015444,0.2930504
201804261806488862,0.001982229,0.003254168,0.2829952
201804261806489525,0.00194483,0.003548454,0.2523887
201804261806490029,0.001930616,0.00393695,0.2305648
201804261806490525,0.001912668,0.00428366,0.2184022
201804261806491191,0.00191851,0.004324726,0.2103451
201804261806491857,0.001934746,0.004321374,0.2060251
201804261806492524,0.001902007,0.004393506,0.2043221
201804261806493031,0.001882128,0.004404463,0.2045337
201804261806493524,0.001870832,0.004448427,0.2020486
201804261806494190,0.0018718,0.004458208,0.1998612
201804261806494691,0.001894481,0.004467268,0.2000398
201804261806495190,0.001936206,0.004422271,0.2022128
201804261806495689,0,0,0
201804261806496356,0,0,0
201804261806496866,0,0,0
201804261806497363,0,0,0
201804261806498017,0,0,0
201804261806498689,0,0,0
201804261806499194,0,0,0
201804261806499856,0,0,0
201804261806500524,0,0,0
201804261806501186,0,0,0
201804261806501688,0,0,0
201804261806502355,0,0,0
201804261806503022,0,0,0
201804261806503688,0,0,0
201804261806504357,0.0001047971,3.619552E-05,13.89456
201804261806505031,9.972922E-05,3.337554E-05,14.71611
201804261806505688,0.0001023286,3.508327E-05,14.16025
201804261806506354,0.0001114214,4.185432E-05,12.63798
201804261806506854,0.0001412066,6.307186E-05,9.05341
201804261806507352,0.0002100967,0.0001347485,5.128253
201804261806508019,0.0002115371,0.0001346171,5.04687
201804261806508520,0.0003869865,0.0003802047,2.053253
201804261806509191,0.0005989118,0.000714744,1.06679
201804261806509686,0.0009531211,0.001538612,0.5279481
201804261806510353,0.001156426,0.002102951,0.3948695
201804261806511019,0.001357359,0.002672722,0.3121804
201804261806511685,0.001318741,0.002486679,0.3303151
201804261806512192,0.001413623,0.00275318,0.2999464
201804261806512854,0.001470938,0.002931931,0.2830577
201804261806513519,0.001539717,0.00321211,0.2613766
201804261806514182,0.001389533,0.002756333,0.3014876
201804261806514851,0.001383786,0.002797619,0.2988464
201804261806515514,0.001028082,0.001700915,0.4705294
201804261806516017,0.0009842186,0.001560585,0.5074656
201804261806516687,0.0008073815,0.001095265,0.6978484
201804261806517183,0.0007545147,0.001005341,0.761621
201804261806517852,0.0007519236,0.0009913204,0.7762244
201804261806518517,0.000740411,0.0009730018,0.7929895
201804261806519018,0.0009145839,0.001398083,0.5689739
201804261806519517,0.0007149786,0.0009339164,0.8226494
201804261806520184,0.0007180555,0.0009429409,0.8189494
201804261806520684,0.001135646,0.002011143,0.4128428
201804261806521353,0.001229979,0.002309479,0.3669229
201804261806522017,0.001336391,0.002631434,0.3261352
201804261806522683,0.001101946,0.001908772,0.4394036
201804261806523183,0.001156934,0.002041245,0.4094781
201804261806523850,0.0009411532,0.001485831,0.5574951
201804261806524521,0.0009136789,0.00130953,0.6094988
201804261806525178,0.001368715,0.002167397,0.3734911
201804261806525850,0.001214137,0.001787708,0.441642
201804261806526515,0,0,0
201804261806527183,0,0,0
201804261806527848,0.000541007,0.000605016,1.320292
201804261806528511,0,0,0
201804261806529182,0,0,0
201804261806529848,0,0,0
201804261806530356,0,0,0
201804261806530848,0,0,0
201804261806531515,0,0,0
201804261806532015,0,0,0
201804261806532681,0,0,0
201804261806533347,0,0,0
201804261806533855,0,0,0
201804261806534355,0,0,0
201804261806534849,0,0,0
201804261806535509,0,0,0
201804261806536180,99.33705,3.569891E-06,0.3910763
201804261806536847,99.49133,3.833245E-06,0.3983524
201804261806537342,99.60284,4.567023E-06,0.4517092
201804261806538018,99.69413,4.569366E-06,0.8430693
201804261806538678,99.7907,4.545783E-06,2.096284
201804261806539175,99.80614,4.509667E-06,2.598737
201804261806539679,99.86218,4.213731E-06,6.64656
201804261806540345,99.8621,4.000323E-06,8.586483
201804261806541012,99.883,3.539564E-06,15.74498
201804261806541678,99.88239,3.239159E-06,19.19101
201804261806542184,99.88532,3.133159E-06,21.16133
201804261806542840,99.86843,2.316314E-06,26.28914
201804261806543348,99.86802,2.215281E-06,26.88197
201804261806544010,99.8536,1.802344E-06,31.54317
201804261806544673,99.89378,2.988274E-06,22.9786
201804261806545177,99.89824,3.212309E-06,21.92508
201804261806545840,0,0,0
201804261806546506,0,0,0
201804261806547006,0,0,0
201804261806547673,0,0,0
201804261806548341,0,0,0
201804261806548841,0,0,0
201804261806549511,0,0,0
201804261806550005,0,0,0
201804261806550686,0,0,0
201804261806551345,99.70525,2.768882E-06,17.50224
201804261806552010,99.70225,3.747441E-06,10.37387
201804261806552671,99.77301,4.129181E-06,5.159518
201804261806553343,99.74239,4.405579E-06,3.113675
201804261806554006,99.7126,3.860068E-06,2.030526
201804261806554504,99.57404,2.666651E-06,1.457463
201804261806555171,0,0,0
201804261806555671,99.33819,2.107664E-06,0.8981481
201804261806556177,0,0,0
201804261806556837,0,0,0
201804261806557508,0,0,0
201804261806576498,92.67492,1.986867E-05,0.2232693
201804261806576674,55.16542,5.389712E-05,0.2665918
201804261806577180,3.069749,0.0002508982,0.2462352
201804261806577840,0.09548458,0.001128728,0.3127752
201804261806578336,0.006691474,0.003074251,0.2096187
201804261806578999,0.003228284,0.005281274,0.1981398
201804261806579677,0.002647178,0.006303702,0.1988757
201804261806580173,0.002522347,0.008242906,0.2037466
201804261806580835,0.00244941,0.01105662,0.2053839
201804261806581498,0.001992611,0.02381983,0.2065262
201804261806582169,0.001914471,0.02928877,0.2041914
201804261806582670,0.00189455,0.02783917,0.2031882
201804261806583169,0.001856865,0.03197531,0.1987787
201804261806583671,0.001839048,0.03664344,0.1962878
201804261806584337,0.001835458,0.02252342,0.196015
201804261806584836,0.001834545,0.02278938,0.1964647
201804261806585334,0.001833705,0.02171867,0.1968529
201804261806586013,0.001832205,0.02155511,0.196494
201804261806586666,0.001826663,0.03556781,0.1962638
201804261806587333,0.001823363,0.0355221,0.1958745
201804261806587835,0.001820095,0.046194,0.1953103
201804261806588512,0.001816909,0.06837513,0.1960585
201804261806589173,0.001813898,0.0978798,0.1975121
201804261806589835,0.001808708,0.1136039,0.1980377
201804261806590501,0.001814679,0.1134579,0.1968514
201804261807026159,99.92142,6.332573E-06,14.76328
201804261807026323,99.91394,6.429929E-06,14.50072
201804261807026992,99.92119,6.26692E-06,14.66689
201804261807027492,99.92436,6.156323E-06,14.68953
201804261807028159,99.91727,6.311398E-06,14.6687
201804261807028657,99.91599,6.295433E-06,14.71891
201804261807029325,99.91696,6.200136E-06,14.6395
201804261807029998,99.89703,6.691464E-06,14.45669
201804261807030663,99.89728,6.698565E-06,14.42807
201804261807031158,0,0,0
201804261807031825,0,0,0
201804261807032494,0,0,0
201804261807056986,90.87488,0.0006495001,14.81567
201804261807057324,99.79589,1.92593E-05,14.68971
201804261807057818,99.84077,2.562425E-05,14.70086
201804261807058485,99.83158,2.736643E-05,14.53898
201804261807058986,99.78767,4.535936E-05,14.26769
201804261807059662,99.72486,4.373484E-05,13.8267
201804261807060151,99.52097,4.541294E-05,13.25571
201804261807060651,99.13031,6.612081E-05,13.40702
201804261807061319,99.32445,6.327248E-05,13.33616
201804261807061819,98.99951,6.796775E-05,12.60282
201804261807062484,96.23366,0.0001641716,11.68903
201804261807062984,62.59283,0.0004981959,11.79854
201804261807063646,8.400817,0.001777738,11.68889
201804261807064324,0.8497998,0.002595221,11.11923
201804261807064818,0.1297854,0.004845804,9.790883
201804261807065483,0.04386295,0.006586747,7.154337
201804261807065985,0.01700263,0.006792994,4.835457
201804261807066648,0.009498172,0.008056937,3.311768
201804261807067312,0.00517565,0.008073411,1.271002
201804261807067814,0.00397201,0.007060641,0.888543
201804261807068482,0.003168878,0.005837037,0.5490069
201804261807069148,0.00271853,0.005191765,0.4042896
201804261807069815,0.002533898,0.00497877,0.3717718
201804261807070484,0.002464717,0.004901126,0.3568318
201804261807070976,0.002350563,0.004810026,0.3192234
201804261807071649,0.00227128,0.004808659,0.2980986
201804261807072149,0.002276571,0.004704054,0.3123469
201804261807072817,0.0022567,0.004658191,0.3129693
201804261807073313,0.00200133,0.00461766,0.2374227
201804261807073985,0.001886669,0.00461777,0.2077138
201804261807074647,0.001867253,0.004608457,0.2028988
201804261807075329,0.001870294,0.004590014,0.2042675
201804261807130964,99.91762,6.24013E-06,14.33193
201804261807131135,99.92216,6.613722E-06,14.02145
201804261807131296,99.92377,7.166226E-06,13.36657
201804261807131970,99.91743,7.224608E-06,11.84025
201804261807132468,99.92029,7.509567E-06,12.57807
201804261807133140,99.91909,7.970112E-06,12.58635
201804261807133800,99.9118,8.674905E-06,12.09388
201804261807134296,99.91074,9.223264E-06,12.00962
201804261807134798,99.88997,1.05558E-05,9.991507
201804261807135308,99.89385,1.018944E-05,10.78323
201804261807135966,99.87318,1.248399E-05,10.53978
201804261807136633,99.83455,1.393221E-05,10.70236
201804261807137139,99.84359,1.261354E-05,10.77334
201804261807137800,99.79437,1.414839E-05,10.95177
201804261807138465,99.80084,1.278385E-05,10.80877
201804261807138983,99.85869,9.740128E-06,11.092
201804261807139631,99.86182,8.966201E-06,10.81323
201804261807140299,99.89007,7.759422E-06,10.94609
201804261807140971,99.88226,7.609313E-06,9.681786
201804261807141631,99.89166,7.201935E-06,10.02236
201804261807142131,99.89599,7.028744E-06,10.31864
201804261807142799,99.89035,7.128981E-06,10.52489
201804261807143465,99.89523,6.73265E-06,10.15539
201804261807143965,99.89637,6.719039E-06,10.34252
201804261807144632,99.89753,6.662302E-06,10.92241
201804261807145130,99.91023,6.548787E-06,12.48411
201804261807145800,99.9129,6.522335E-06,12.85333
201804261807146473,99.91572,6.481522E-06,13.21669
201804261807147127,99.91863,6.321181E-06,13.49967
201804261807147627,99.91916,6.239939E-06,13.75816
201804261807148291,99.92124,6.166172E-06,13.71457
201804261807148798,99.92144,6.263848E-06,13.81909
201804261807149470,99.92034,6.141604E-06,13.7882
201804261807149962,99.91827,6.23083E-06,14.11207
201804261807150463,99.91121,6.36658E-06,14.11267
201804261807151128,99.89966,6.620095E-06,13.96901
201804261807151630,99.88279,6.912413E-06,12.84105
201804261807152129,99.85207,7.472846E-06,11.58648
201804261807152797,99.76775,8.891913E-06,11.02004
201804261807153460,99.6638,1.022352E-05,10.15026
201804261807154130,99.59879,1.074478E-05,8.740442
201804261807154798,99.57717,1.083293E-05,7.506801
201804261807155294,99.52357,1.17689E-05,7.254596
201804261807155959,99.32037,1.388148E-05,5.887729
201804261807156461,99.23085,1.495656E-05,6.041803
201804261807157122,65.24296,7.635378E-05,1.373864
201804261807157637,1.428736,0.0004984824,0.438621
201804261807158139,0.04211802,0.002500366,0.2636708
201804261807158798,0.006161416,0.008368663,0.2261567
201804261807159299,0.002668573,0.009940976,0.2142647
201804261807159970,0.002033245,0.008965608,0.2064085
201804261807160628,0.001871321,0.01053313,0.1983344
201804261807161299,0.001852731,0.009168054,0.1993682
201804261807161799,0.001843331,0.007227984,0.2009695
201804261807162459,0.00186069,0.006697584,0.2015037
201804261807163130,0.001912835,0.008619121,0.2001024
201804261807163642,0.002009718,0.007468047,0.2003529
201804261807164299,0.002134041,0.006199603,0.2010824
201804261807164798,0,0,0
201804261807165494,0.003200585,0.003410841,0.2114291
201804261807166126,0,0,0
201804261807166962,0,0,0
201804261807167473,0,0,0
201804261807167960,0,0,0
201804261807168625,0,0,0
201804261807169291,0.00182915,0.004380011,0.2059457
201804261807169955,0.00182515,0.004331247,0.2126547
201804261807170623,0.00192998,0.004368581,0.2393352
201804261807171292,0.002097764,0.004463874,0.2756731
201804261807171801,0.00248333,0.00446158,0.4050714
201804261807172459,0.003056795,0.00440082,0.6195362
201804261807172953,0.003749151,0.004248984,0.8258243
201804261807173460,0.006870421,0.00343309,0.9459996
201804261807174125,0,0,0
201804261807174794,0,0,0
201804261807253448,0,0,0
201804261807253606,0,0,0
201804261807258771,0,0,0
201804261807258934,0,0,0
201804261807259437,0,0,0
201804261807260121,0,0,0
201804261807260781,0,0,0
201804261807261436,0,0,0
201804261807262108,0,0,0
201804261807262766,0,0,0
201804261807263438,0,0,0
201804261807263935,0.001809767,0.004272066,0.2175531
201804261807264453,0,0,0
201804261807265103,0.001799295,0.004310932,0.2127444
201804261807265770,0.001793651,0.004366836,0.2040671
201804261807272767,0.001757919,0.1571271,0.2073098
201804261807273101,0.001805137,0.1748974,0.2000488
201804261807273603,0.001822309,0.2417333,0.1958016
201804261807274269,0.001827466,0.1767362,0.1959416
201804261807274930,0.001843185,0.1661128,0.1997556
201804261807275435,0.00185821,0.1541176,0.2036432
201804261807275934,0.002160422,0.1328041,0.2955041
201804261807276600,0.002129486,0.1355147,0.2849609
201804261807277266,0.002092962,0.1416135,0.2728652
201804261807277935,0.002203109,0.1311287,0.3088448
201804261807278434,0.002191436,0.1308816,0.3040645
201804261807279121,0.002095036,0.1323047,0.2726878
201804261807279766,0.00204985,0.1225739,0.2580337
201804261807280430,0.002019648,0.1247952,0.2486794
201804261807281115,0.002011904,0.1221846,0.2465301
201804261807281599,0.001969602,0.1180454,0.2336666
201804261807282094,0.00195873,0.1187695,0.2301905
201804261807282765,0.0019733,0.1210921,0.2343323
201804261807283269,0.00194614,0.1209804,0.2262985
201804261807283929,0.001935632,0.1213348,0.2232423
201804261807284595,0.001906038,0.1203395,0.214658
201804261807285261,0.001868631,0.1170579,0.2045223
201804261807285765,0.001854574,0.1138136,0.2007881
201804261807286427,0.00184712,0.1055342,0.1987109
201804261807286930,0.001841786,0.09633487,0.1973836
201804261807287594,0.001836418,0.08131303,0.1961501
201804261807288266,0.001831423,0.06968909,0.1951983
201804261807288932,0.001829288,0.058048,0.1947167
201804261807289432,0.00182779,0.04584971,0.194556
201804261807290094,0.001826713,0.05024823,0.194418
201804261807290763,0.001826257,0.05351339,0.1942489
201804261807291426,0.001825325,0.05437938,0.1940686
201804261807291932,0.001825527,0.05725125,0.1938929
201804261807292428,0.001825301,0.05127332,0.1937797
201804261807292946,0.001825524,0.04602629,0.1936404
201804261807293612,0.001826304,0.03206704,0.1934586
201804261807294272,0.001826306,0.02652647,0.1934574
201804261807294929,0.001826755,0.01951489,0.1933881
201804261807295594,0.001826469,0.01289668,0.1934134
201804261807296257,0.001826732,0.009916294,0.1933977
201804261807296927,0.001826636,0.007969026,0.1934147
201804261807297596,0.001826232,0.007035631,0.1935146
201804261807298263,0.001826029,0.008616499,0.193529
201804261807298929,0.001826316,0.008985927,0.1934516
201804261807299596,0.001826753,0.01045474,0.1934266
201804261807300095,0.001826746,0.0130855,0.1934303
201804261807300761,0.0018268,0.01927708,0.1934152
201804261807301262,0.001826762,0.03121974,0.1933915
201804261807301929,0.001826724,0.02946893,0.1933644
201804261807302590,0.001827246,0.03568101,0.1932859
201804261807303095,0.001827428,0.03776485,0.1932607
201804261807303760,0.001827856,0.03010127,0.1932667
201804261807304267,0.001827848,0.03289256,0.1933305
201804261807304927,0.001827884,0.03386679,0.1933556
201804261807305589,0.001827588,0.03387091,0.1934354
201804261807306279,0.00182794,0.02320702,0.1935238
201804261807306927,0.001828437,0.0184845,0.1936881
201804261807307427,0.001828915,0.01528565,0.1937594
201804261807308093,0.001828868,0.01188798,0.1937837
201804261807308755,0.001828514,0.01103515,0.1936977
201804261807309255,0.001828033,0.01004311,0.1936133
201804261807309770,0.001827499,0.009176705,0.1934914
201804261807310441,0.001826929,0.01250582,0.1934466
201804261807311093,0.001826746,0.0145262,0.1934514
201804261807311758,0.001826873,0.01213103,0.1934892
201804261807312254,0.001827128,0.01024162,0.1935966
201804261807312927,0.001827903,0.009946449,0.1938045
201804261807313423,0.001828702,0.013986,0.1939682
201804261807313925,0.001828135,0.01664098,0.1937172
201804261807314601,0.001827964,0.0174098,0.193598
201804261807315086,0.001828303,0.02092032,0.1935852
201804261807315764,0.001828746,0.01534728,0.1936388
201804261807316264,0.001829377,0.02191065,0.1936648
201804261807316923,0.00183088,0.02901617,0.194086
201804261807317420,0.001831844,0.04459639,0.1943213
201804261807318091,0.001832843,0.05297561,0.1947588
201804261807318591,0.001836724,0.04114651,0.1958788
201804261807319086,0.001845016,0.04429505,0.1983672
201804261807319765,0.001860824,0.05848784,0.2029435
201804261807320418,0.001935497,0.05962674,0.224222
201804261807320923,0.001943448,0.07831507,0.2270987
201804261807358416,99.86914,5.613443E-06,3.657504
201804261807358416,99.83366,5.258847E-06,2.142884
201804261807359077,99.70683,5.046496E-06,0.565375
201804261807359577,99.64923,5.473668E-06,0.3657811
201804261807360248,99.66261,5.614545E-06,0.4231758
201804261807360743,99.63942,5.676482E-06,0.3480821
201804261807361248,99.55807,5.79655E-06,0.2214459
201804261807361748,99.54208,5.748436E-06,0.2122844
201804261807362411,99.53748,5.892674E-06,0.2203716
201804261807363081,99.25666,7.222555E-06,0.2220272
201804261807363578,91.07842,2.060613E-05,0.2143606
201804261807381741,99.83402,5.902967E-06,2.267524
201804261807382246,99.89104,5.774822E-06,5.489203
201804261807382910,99.85577,5.770979E-06,2.784312
201804261807383579,99.81886,5.769492E-06,1.609787
201804261807384079,99.81579,5.88186E-06,1.556825
201804261807384749,99.77914,5.738105E-06,1.029549
201804261807385407,99.76481,5.613678E-06,0.8929549
201804261807385904,99.74183,5.440849E-06,0.7445405
201804261807386403,99.72921,5.295545E-06,0.6847581
201804261807387076,99.68105,4.900196E-06,0.5366747
201804261807387742,99.63226,4.477723E-06,0.4626926
201804261807388236,99.61831,4.301234E-06,0.4370938
201804261807388908,99.54664,3.473672E-06,0.4380427
201804261807389412,99.45187,2.889713E-06,0.4537949
201804261807389908,99.35484,2.526141E-06,0.4878289
201804261807390574,99.09067,1.63952E-06,0.6976423
201804261807391074,99.0889,1.82407E-06,0.6392233
201804261807391743,98.82954,1.392574E-06,0.7962474
201804261807392407,99.10868,2.264543E-06,0.4990702
201804261807393077,99.20673,3.235738E-06,0.3680813
201804261807393573,99.3186,4.371645E-06,0.28322
201804261807394255,99.232,5.741971E-06,0.2395949
201804261807394735,98.36018,8.971726E-06,0.2198244
201804261807395409,54.87989,4.724289E-05,0.2099741
201804261807396069,1.035176,0.0003371649,0.2073956
201804261807396738,0.134338,0.0007821772,0.2093864
201804261807397406,0.09895495,0.0008825963,0.2163688
201804261807398406,0,0,0
201804261807398571,0,0,0
201804261807399237,0,0,0
201804261807399737,0,0,0
201804261807400416,0,0,0
201804261807400900,0,0,0
201804261807401407,0,0,0
201804261807402071,0,0,0
201804261807402571,0,0,0
201804261807403238,0.1409952,0.001436392,14.80188
201804261807403738,29.84023,0.0002095019,14.81861
201804261807404399,98.54411,5.282421E-05,14.82243
201804261807404901,99.74707,2.89454E-05,14.81911
201804261807405571,99.85721,1.266588E-05,14.81607
201804261807406236,99.90338,7.724765E-06,14.81822
201804261807406903,99.91878,6.586341E-06,14.82374
201804261807407404,99.92581,6.164536E-06,14.82927
201804261807408068,99.92747,6.076262E-06,14.83636
201804261807408761,99.928,5.77957E-06,14.84173
201804261807409237,99.92848,5.440516E-06,14.84372
201804261807409738,99.92863,5.130965E-06,14.85067
201804261807410235,99.9287,4.829417E-06,14.85885
201804261807410735,99.92873,5.659574E-06,14.86566
201804261807411402,99.92802,9.749068E-06,14.86047
201804261807412068,99.92711,1.798578E-05,14.85621
201804261807412569,99.92634,3.468694E-05,14.84774
201804261807413250,99.92403,4.49995E-05,14.84359
201804261807413736,99.92319,4.483997E-05,14.84361
201804261807414401,99.915,6.401777E-05,14.84036
201804261807415066,99.90845,7.407813E-05,14.83648
201804261807415736,99.89939,7.084363E-05,14.82932
201804261807416397,99.87373,7.548807E-05,14.82607
201804261807416901,99.82619,9.006631E-05,14.82494
201804261807417572,99.72346,0.0001197796,14.82471
201804261807418233,99.19395,0.0002187479,14.83031
201804261807418899,0,0,0
201804261807419395,0,0,0
201804261807420066,0,0,0
201804261807420563,0,0,0
201804261807421242,0,0,0
201804261807421895,0,0,0
201804261807422395,44.51432,0.003246499,15.05506
201804261807423066,0,0,0
201804261807423564,77.1804,0.001798702,15.12639
201804261807424233,0,0,0
201804261807424751,67.78479,0.002174906,15.07931
201804261807425246,94.42381,0.0009445105,15.01731
201804261807425903,0,0,0
201804261807426399,0,0,0
201804261807427402,0.001834746,0.004540787,0.1928942
201804261807427568,0.001860511,0.004506161,0.1932856
201804261807428071,0.001852556,0.004513554,0.1935757
201804261807428728,0.001855415,0.004471363,0.1945393
201804261807429399,0.001886169,0.00446539,0.1941471
201804261807430064,0.001903019,0.004463269,0.193963
201804261807430734,0.00191397,0.004441187,0.1938993
201804261807431231,0.001931367,0.004425916,0.1941941
201804261807431734,0.001944572,0.004413011,0.1942869
201804261807432226,0.002020295,0.004319677,0.1947339
201804261807432897,0.001994271,0.004344493,0.1949687
201804261807433396,0.002065783,0.004285437,0.1953663
201804261807433901,0.00209901,0.00424975,0.1949763
201804261807434402,0.002052861,0.004275326,0.1953108
201804261807435065,0.002018373,0.004241907,0.1970657
201804261807435566,0.002023121,0.004212692,0.1978146
201804261807436233,0.001989799,0.004189568,0.199663
201804261807436730,0.001975249,0.004187219,0.2001877
201804261807437407,0.001928702,0.004176814,0.2021443
201804261807437909,0.001918724,0.004205985,0.2015031
201804261807438565,0.001897543,0.004239634,0.2011857
201804261807439228,0.001882022,0.004265048,0.2013157
201804261807439727,0.00188413,0.004339437,0.1988338
201804261807440397,0.00187218,0.00433019,0.1988596
201804261807440902,0.001875325,0.004318309,0.1987395
201804261807441566,0.001874715,0.004333213,0.1980602
201804261807442244,0.001869757,0.004355831,0.1974495
201804261807442900,0.001858369,0.004355249,0.1978612
201804261807443400,0.001853739,0.004332875,0.1987022
201804261807444065,0.001852643,0.004308803,0.1996355
201804261807444565,0.001863269,0.004281119,0.2001798
201804261807445060,0.001862116,0.004096003,0.2067375
201804261807445729,0.001860281,0.004020584,0.2095716
201804261807446227,0.001853848,0.003984609,0.211153
201804261807446729,0.001857166,0.003860672,0.2159339
201804261807447394,0.001858091,0.003732933,0.2211146
201804261807448059,0.001878549,0.00359908,0.2262189
201804261807448729,0.001886655,0.003476334,0.2315502
201804261807449227,0.001909227,0.003503174,0.2294733
201804261807449900,0.001916361,0.003897584,0.2122551
201804261807450564,0,0,0
201804261807451226,0,0,0
201804261807451891,9.543521E-05,3.17071E-05,14.97415
201804261807452561,0,0,0
201804261807453061,0,0,0
201804261807453725,0,0,0
201804261807454226,0,0,0
201804261807454727,6.939116E-05,1.855402E-05,22.30831
201804261807455396,0,0,0
201804261807456063,6.943107E-05,1.855398E-05,22.33315
201804261807456563,0,0,0
201804261807457225,0,0,0
201804261807457728,0,0,0
201804261807458226,0,0,0
201804261807458900,0,0,0
201804261807459562,0,0,0
201804261807460226,0,0,0
201804261807460892,0,0,0
201804261807461558,0,0,0
201804261807462059,0,0,0
201804261807462726,0,0,0
201804261807463226,0,0,0
201804261807463724,6.982631E-05,1.85544E-05,22.57775
201804261807464398,6.992706E-05,1.855457E-05,22.64022
201804261807464888,6.988592E-05,1.855494E-05,22.61471
201804261807465562,7.006805E-05,1.855472E-05,22.72762
201804261807466223,7.010521E-05,1.855497E-05,22.75067
201804261807466897,7.015591E-05,1.8556E-05,22.78208
201804261807467390,7.040161E-05,1.855681E-05,22.93466
201804261807467891,7.050845E-05,1.855933E-05,23.00091
201804261807468564,7.060265E-05,1.85614E-05,23.05941
201804261807469232,7.070756E-05,1.856028E-05,23.12475
201804261807469891,7.107758E-05,1.85654E-05,23.35498
201804261807470397,7.092307E-05,1.856524E-05,23.2588
201804261807471070,7.126886E-05,1.857282E-05,23.47416
201804261807471722,7.175129E-05,1.8579E-05,23.77545
201804261807472228,7.217169E-05,1.857714E-05,24.03849
201804261807472723,7.214108E-05,1.859485E-05,24.01912
201804261807473384,0,0,0
201804261807473892,0,0,0
201804261807474553,7.256931E-05,1.857852E-05,24.28135
201804261807475232,0,0,0
201804261807475720,0,0,0
201804261807476383,0,0,0
201804261807476893,0,0,0
201804261807477387,0,0,0
201804261807478053,0,0,0
201804261807478558,0,0,0
201804261807479059,0,0,0
201804261807479721,7.136932E-05,1.867991E-05,23.31419
201804261807480387,7.125289E-05,1.86499E-05,23.32379
201804261807481057,0,0,0
201804261807481725,7.122986E-05,1.861188E-05,23.37086
201804261807482222,0,0,0
201804261807482737,0,0,0
201804261807483399,7.055068E-05,1.861128E-05,22.99571
201804261807483891,0,0,0
201804261807484551,0,0,0
201804261807485233,0,0,0
201804261807485735,0,0,0
201804261807486389,7.076754E-05,1.8572E-05,23.14918
201804261807487052,0,0,0
201804261807487718,7.075418E-05,1.857999E-05,23.14388
201804261807488220,0,0,0
201804261807488888,0,0,0
201804261807489553,0,0,0
201804261807490051,7.042538E-05,1.858474E-05,22.93807
201804261807490723,0,0,0
201804261807491384,7.037027E-05,1.859685E-05,22.90376
201804261807492060,7.026968E-05,1.860341E-05,22.83973
201804261807492718,7.038537E-05,1.861681E-05,22.91026
201804261807493222,0,0,0
201804261807493717,7.054019E-05,1.86218E-05,23.00673
201804261807494217,7.04745E-05,1.862092E-05,22.96658
201804261807494882,0,0,0
201804261807495551,7.034463E-05,1.859313E-05,22.88539
201804261807496216,7.024837E-05,1.859572E-05,22.82591
201804261807496718,7.015953E-05,1.859192E-05,22.76922
201804261807497383,7.009324E-05,1.858254E-05,22.72942
201804261807498054,7.006417E-05,1.860402E-05,22.70888
201804261807498549,0,0,0
201804261807499053,7.000139E-05,1.857916E-05,22.6714
201804261807499552,0,0,0
201804261807500216,6.999038E-05,1.85815E-05,22.66322
201804261807500715,7.003865E-05,1.858504E-05,22.69118
201804261807501382,6.994735E-05,1.858639E-05,22.63704
201804261807501878,7.000493E-05,1.859949E-05,22.67189
201804261807502380,7.009137E-05,1.861601E-05,22.72404
201804261807502881,7.009719E-05,1.861701E-05,22.72582
201804261807503548,7.009826E-05,1.860127E-05,22.72316
201804261807504216,0,0,0
201804261807504878,7.028261E-05,1.862451E-05,22.83103
201804261807505552,7.028857E-05,1.860741E-05,22.84221
201804261807506214,7.024863E-05,1.859086E-05,22.81789
201804261807506886,0,0,0
201804261807507381,7.021448E-05,1.857815E-05,22.79133
201804261807508053,7.023751E-05,1.857668E-05,22.8004
201804261807508715,0,0,0
201804261807509217,7.038436E-05,1.857395E-05,22.88421
201804261807509711,0,0,0
201804261807510210,7.024542E-05,1.857631E-05,22.79305
201804261807510882,0,0,0
201804261807511546,0,0,0
201804261807512216,7.0226E-05,1.860473E-05,22.73382
201804261807512878,7.026223E-05,1.860918E-05,22.74793
201804261807513545,0,0,0
201804261807514217,7.021254E-05,1.860372E-05,22.73115
201804261807514712,7.019446E-05,1.861575E-05,22.71548
201804261807515378,0,0,0
201804261807515892,0,0,0
201804261807516542,0,0,0
201804261807517215,7.032726E-05,1.861497E-05,22.7898
201804261807517712,0,0,0
201804261807518375,7.030292E-05,1.860647E-05,22.78456
201804261807518877,0,0,0
201804261807519545,7.03099E-05,1.859882E-05,22.80423
201804261807520205,0,0,0
201804261807520880,7.063161E-05,1.860973E-05,22.99001
201804261807521544,0,0,0
201804261807522044,7.055157E-05,1.861104E-05,22.95895
201804261807522710,7.045065E-05,1.860111E-05,22.88884
201804261807523376,0,0,0
201804261807524040,0,0,0
201804261807524539,0,0,0
201804261807525043,7.036376E-05,1.863767E-05,22.74482
201804261807525709,0,0,0
201804261807526377,0,0,0
201804261807527044,7.034007E-05,1.862149E-05,22.75743
201804261807527709,0,0,0
201804261807528379,0,0,0
201804261807529045,0,0,0
201804261807529541,0,0,0
201804261807530044,7.044984E-05,1.863914E-05,22.81011
201804261807530539,0,0,0
201804261807531208,0,0,0
201804261807531878,0,0,0
201804261807532379,0,0,0
201804261807533043,0,0,0
201804261807533704,0,0,0
201804261807534373,7.02215E-05,1.860529E-05,22.71978
201804261807535039,0,0,0
201804261807535540,0,0,0
201804261807536207,0,0,0
201804261807536887,7.030715E-05,1.867703E-05,22.61426
201804261807537373,0,0,0
201804261807538038,0,0,0
201804261807538538,7.03433E-05,1.876208E-05,22.45792
201804261807539208,0,0,0
201804261807539872,7.045636E-05,1.885742E-05,22.31191
201804261807540370,0,0,0
201804261807541054,0,0,0
201804261807541706,0,0,0
201804261807542376,0,0,0
201804261807543038,0,0,0
201804261807543539,0,0,0
201804261807544036,0,0,0
201804261807544710,0,0,0
201804261807545383,0,0,0
201804261807546036,0,0,0
201804261807546543,0,0,0
201804261807547204,0,0,0
201804261807547706,0,0,0
201804261807548204,0,0,0
201804261807548875,0,0,0
201804261807549373,0,0,0
201804261807550038,0,0,0
201804261807550708,0,0,0
201804261807551374,0,0,0
201804261807551872,0,0,0
201804261807552537,0,0,0
201804261807553197,7.520589E-05,2.118002E-05,20.36583
201804261807553702,7.391378E-05,2.056461E-05,20.82416
201804261807554366,7.154773E-05,1.947248E-05,21.65145
201804261807554871,0,0,0
201804261807555536,7.019566E-05,1.885166E-05,22.19874
201804261807556206,0,0,0
201804261807556697,6.986294E-05,1.916626E-05,22.34759
201804261807557365,6.990579E-05,1.969321E-05,22.28183
201804261807558039,0,0,0
201804261807558535,6.961772E-05,1.921718E-05,22.34448
201804261807559034,6.95842E-05,1.95967E-05,22.35263
201804261807559711,6.958201E-05,3.054752E-05,22.32191
201804261808191981,99.8368,5.715571E-06,2.072397
201804261808191981,99.82661,5.681313E-06,1.883085
201804261808192500,99.78797,5.719388E-06,1.117085
201804261808193145,99.78268,5.672456E-06,1.076064
201804261808193808,99.85662,5.688946E-06,2.950062
201804261808194313,99.85454,5.744336E-06,2.789317
201804261808194980,99.85497,5.744491E-06,2.795057
201804261808195475,99.83819,5.714437E-06,2.173555
201804261808196147,99.85081,5.726713E-06,2.659606
201804261808196808,99.83767,5.737843E-06,2.189258
201804261808203810,95.08221,2.573556E-05,14.55445
201804261808203978,99.39349,1.346976E-05,13.93974
201804261808204310,99.41835,1.362424E-05,13.49801
201804261808204976,99.74635,1.049099E-05,13.77738
201804261808205479,99.85731,8.664272E-06,14.21584
201804261808206144,99.87462,7.786881E-06,14.53472
201804261808206811,99.90053,6.787966E-06,14.11204
201804261808207313,99.9041,6.492769E-06,13.85035
201804261808207804,99.89587,6.712825E-06,13.90496
201804261808208479,99.90469,6.435021E-06,14.04904
201804261808208975,99.91189,6.257316E-06,14.15166
201804261808209638,99.91929,6.038908E-06,14.18842
201804261808210307,99.92222,6.029643E-06,14.21394
201804261808210976,99.91225,7.914336E-06,13.9637
201804261808211472,99.90868,1.157474E-05,13.87904
201804261808212142,99.89188,1.72955E-05,13.91414
201804261808212806,99.86647,2.203197E-05,13.69698
201804261808213476,99.8687,1.645181E-05,13.39545
201804261808213969,99.8602,1.381118E-05,13.6437
201804261808214655,99.87199,1.069028E-05,13.81156
201804261808215139,99.85221,8.191942E-06,13.80958
201804261808215655,99.81275,8.570047E-06,13.6247
201804261808216308,99.873,6.972396E-06,13.25992
201804261808216975,99.87828,6.8984E-06,13.52489
201804261808217640,99.89137,6.575359E-06,13.71071
201804261808218141,99.90324,6.369483E-06,13.75065
201804261808218640,99.90961,6.449643E-06,13.80542
201804261808219307,99.90543,6.773067E-06,13.84021
201804261808219988,99.90709,6.668989E-06,13.82911
201804261808220469,99.89851,6.793134E-06,13.76763
201804261808220974,99.89064,6.900715E-06,13.70864
201804261808221642,99.88338,7.040659E-06,13.72746
201804261808222317,99.8796,7.08502E-06,13.64406
201804261808222973,99.88978,6.826697E-06,13.81428
201804261808223481,99.90282,6.524836E-06,13.78553
201804261808224139,99.90902,6.382629E-06,13.96236
201804261808224805,99.91753,6.156336E-06,14.11083
201804261808225310,99.92097,6.119773E-06,14.18212
201804261808225805,99.92575,6.032921E-06,14.31972
201804261808226472,99.92696,5.994771E-06,14.3752
201804261808227140,99.92818,6.147863E-06,14.39246
201804261808227808,99.92859,6.546801E-06,14.32091
201804261808228305,99.92854,7.086223E-06,14.26449
201804261808228992,99.92813,6.848137E-06,14.09891
201804261808229636,99.92654,7.132517E-06,13.57821
201804261808230301,99.92386,7.21969E-06,12.88777
201804261808230802,99.92001,7.586966E-06,11.8119
201804261808231474,99.91644,8.637658E-06,11.31642
201804261808231971,99.91561,8.128812E-06,11.75484
201804261808232637,99.91354,7.800824E-06,11.72605
201804261808233136,99.91189,7.574646E-06,11.5561
201804261808233809,99.9023,7.207211E-06,10.7982
201804261808234484,99.87955,8.057204E-06,9.815059
201804261808234970,99.86587,8.56013E-06,8.189395
201804261808235638,99.8476,1.180578E-05,6.700217
201804261808236304,99.78708,1.499979E-05,4.955154
201804261808236969,99.62368,1.869052E-05,3.894175
201804261808237468,99.38885,2.820679E-05,3.60323
201804261808237971,96.97956,6.665383E-05,3.285497
201804261808238641,34.53131,0.0003050413,2.34501
201804261808239306,2.154534,0.001579641,2.25054
201804261808239969,0.4356957,0.002593996,2.58215
201804261808240656,0.06556319,0.004208207,3.091537
201804261808241303,0.02057508,0.00400989,3.586971
201804261808241806,0.01253134,0.004153589,3.942433
201804261808242469,0.0095638,0.004640155,4.470784
201804261808243134,0.006390028,0.004536619,2.468613
201804261808243641,0.006861294,0.005108457,3.205867
201804261808244301,0.006129079,0.00471365,2.688646
201804261808244983,0.006101468,0.005373136,2.973098
201804261808245486,0.004886459,0.005447326,1.900277
201804261808246134,0.004455615,0.005391372,1.537832
201804261808246634,0.004834786,0.006639461,1.895026
201804261808247300,0.004226265,0.0078407,1.387846
201804261808247966,0.004103287,0.007313221,1.312978
201804261808248633,0.00369684,0.007827381,1.008984
201804261808249141,0.003580734,0.005965423,0.9284056
201804261808249800,0.003434924,0.008554932,0.8486383
201804261808250464,0.003354729,0.006837415,0.7797108
201804261808251134,0.003338918,0.007413299,0.7752602
201804261808251631,0.003354179,0.008309643,0.7999493
201804261808252300,0.003282499,0.01075999,0.7676543
201804261808252969,0.00303409,0.01198941,0.6332588
201804261808253628,0.003272566,0.01395804,0.7572288
201804261808254129,0.003118371,0.01954787,0.6789954
201804261808254800,0,0,0
201804261808255300,0.003465788,0.04368015,0.8835221
201804261808255968,0,0,0
201804261808256633,0.004520899,0.09888875,1.552701
201804261808257297,0.005901604,0.1184074,2.730623
201804261808257804,0.006967907,0.1173048,3.415531
201804261808258466,0.008210922,0.1138653,4.017356
201804261808259131,0.01151549,0.1077148,6.341223
201804261808259627,0.01717691,0.09615652,8.084424
201804261808260300,0.01773194,0.09459462,7.715852
201804261808260799,0.03059148,0.07762153,8.487489
201804261808261306,0.02882858,0.07892171,7.894426
201804261808261968,0.02634944,0.08256465,7.905982
201804261808262628,0.03119043,0.07587164,7.138782
201804261808263129,0.03550862,0.07298246,7.574519
201804261808263796,0.03039962,0.07575294,6.836025
201804261808264292,0.03091243,0.07438376,6.063603
201804261808264964,0.0377959,0.06822548,6.094235
201804261808265470,0.1076866,0.04351868,6.227724
201804261808266127,0.1582313,0.03676332,5.72187
201804261808266623,0.3192253,0.02712614,5.383833
201804261808267290,0.2173566,0.03072494,4.738611
201804261808267962,0.1274507,0.03435212,2.252606
201804261808268463,0.1007268,0.03575328,1.766716
201804261808269130,0.4109106,0.02006446,1.961076
201804261808269641,0.8980798,0.01452119,1.846098
201804261808270298,0.77302,0.01390509,1.326283
201804261808270965,1.61077,0.008784528,1.226876
201804261808271631,2.967864,0.005926034,1.311815
201804261808272303,4.884834,0.004025595,1.204205
201804261808272965,30.98635,0.001179268,1.333905
201804261808273461,44.20383,0.0008510909,1.095447
201804261808274128,22.21484,0.0009042279,1.078648
201804261808274790,5.960507,0.001124587,1.084447
201804261808275466,6.380688,0.0008356816,0.9056651
201804261808276140,3.147848,0.001040373,0.7135563
201804261808276641,6.93555,0.0006226182,0.7995382
201804261808277127,5.454589,0.0005110979,0.7522488
201804261808277802,10.1974,0.0003317035,0.7416705
201804261808278293,19.24783,0.000233381,1.172824
201804261808278793,25.9037,0.0001788593,1.22383
201804261808279300,67.11034,8.209662E-05,1.209468
201804261808279961,80.1926,5.775361E-05,0.947188
201804261808280634,85.82877,4.760969E-05,1.211561
201804261808281294,79.48166,6.608148E-05,1.373223
201804261808281960,90.77219,4.236328E-05,1.849008
201804261808282623,92.83882,4.048081E-05,1.906471
201804261808283126,94.36379,3.656243E-05,1.771018
201804261808283791,96.16988,3.236652E-05,2.064893
201804261808284464,92.88126,4.528432E-05,2.658503
201804261808285126,92.51188,4.301957E-05,2.688529
201804261808285793,79.01605,6.863382E-05,2.679087
201804261808286457,78.4579,6.973979E-05,2.576842
201804261808287126,5.368281,0.0004380265,2.414353
201804261808287796,0.9138038,0.001066016,1.840308
201804261808288295,0.1518815,0.002038876,1.176861
201804261808288957,0.03380703,0.004495114,0.996547
201804261808289626,0.01217596,0.006787231,0.7918416
201804261808290123,0.008465413,0.007833131,0.7473822
201804261808290623,0.005594518,0.01193129,0.6715046
201804261808291289,0.004221765,0.02180894,0.5066862
201804261808291956,0.003235904,0.02425582,0.4248438
201804261808292457,0.002917648,0.03076163,0.3295791
201804261808293121,0.002596117,0.04048819,0.305195
201804261808293622,0.002402619,0.06054398,0.2975992
201804261808294291,0.002224527,0.04063063,0.2617575
201804261808294956,0.002097905,0.03437967,0.2357435
201804261808295460,0.002062441,0.02951884,0.2235748
201804261808296123,0.001981297,0.03082393,0.2148281
201804261808296787,0.001952423,0.03634272,0.2115881
201804261808297458,0.001917034,0.03499228,0.2058654
201804261808297958,0.001899257,0.03549864,0.2042215
201804261808298623,0.001900456,0.03656679,0.2028774
201804261808299293,0.001883881,0.02076208,0.1996126
201804261808299955,0.001878092,0.02024211,0.198229
201804261808300459,0.001855796,0.0280161,0.1966079
201804261808300955,0.001864445,0.02462544,0.1957634
201804261808301621,0.0018615,0.01788101,0.1952061
201804261808302125,0.001859121,0.01543707,0.1947497
201804261808302791,0.001867488,0.01438428,0.1944092
201804261808303459,0.001888896,0.01471587,0.1941977
201804261808304121,0.001879943,0.01379677,0.1942006
201804261808304792,0.001881335,0.01814217,0.1942981
201804261808305459,0.001869481,0.0256953,0.1943907
201804261808305954,0.001866616,0.03697211,0.1947549
201804261808306624,0.001838847,0.05056645,0.1948409
201804261808307286,0.001828489,0.05271015,0.1949994
201804261808307805,0.00182601,0.05146553,0.1950594
201804261808308457,0.001823735,0.06003701,0.1950987
201804261808309120,0.001823686,0.04933411,0.1949382
201804261808309619,0.001825849,0.03312796,0.1946653
201804261808310286,0.001828268,0.01108451,0.1940272
201804261808310953,0.001829755,0.005248804,0.1935585
201804261808311455,0.001828878,0.004672173,0.1937564
201804261808312118,0.001824518,0.004530769,0.1945998
201804261808312786,0.001813796,0.004464002,0.1962542
201804261808313461,0.001567071,0.003497249,0.2445249
201804261808326283,0.00187945,0.004486321,0.1930238
201804261808326616,0.001857974,0.004513593,0.1928012
201804261808327118,0.001867408,0.004506113,0.1927872
201804261808327625,0.001845616,0.004531059,0.1927636
201804261808328115,0.001837555,0.004539812,0.19276
201804261808328614,0.001836658,0.004543833,0.1927483
201804261808329282,0.001833329,0.004552337,0.1927499
201804261808329948,0.00183103,0.004557585,0.1927477
201804261808330619,0.001829949,0.004557481,0.1927462
201804261808331114,0.001829326,0.004561546,0.192729
201804261808331781,0.001829072,0.004565358,0.1927402
201804261808332283,0.001828906,0.004572992,0.1927418
201804261808332947,0.001828827,0.004570245,0.1927474
201804261808333452,0.001828711,0.004570438,0.1927653
201804261808334118,0.001828423,0.004570886,0.1928073
201804261808334781,0.001828052,0.004579246,0.1928662
201804261808335285,0.001827644,0.004584734,0.192935
201804261808335946,0.00182713,0.004658715,0.1930225
201804261808336448,0.001826145,0.004660946,0.1931819
201804261808337116,0.001825207,0.004685742,0.1933335
201804261808337617,0.00182381,0.004633451,0.1935614
201804261808338300,0.001820787,0.004688174,0.19406
201804261808338781,0.001821236,0.004687025,0.1940182
201804261808339451,0.001821057,0.004753985,0.1940699
201804261808340112,0.001818603,0.004696995,0.1945842
201804261808340612,0.001790873,0.004616163,0.1992256
201804261808341283,0.001661294,0.003947777,0.2235718
201804261808341948,0,0,0
201804261808342445,0.0002622406,0.0001823251,3.625525
201804261808343113,8.70741E-05,2.839126E-05,16.88392
201804261808386268,0.001824765,0.004511639,0.1948155
201804261808391934,0.001828831,0.008508419,0.1934496
201804261808392104,0.001829518,0.008119774,0.1933172
201804261808392766,0.001829963,0.006144272,0.1932417
201804261808393263,0.001830691,0.005710427,0.1931262
201804261808393929,0.001830335,0.005959379,0.1930798
201804261808394435,0.001830166,0.005603803,0.1930309
201804261808394952,0.001829593,0.005568751,0.1929474
201804261808395603,0.00182907,0.005580813,0.1929489
201804261808396102,0.001828761,0.005056876,0.1929394
201804261808396766,0.001828461,0.005060841,0.1929455
201804261808397432,0.001828266,0.005094995,0.192947
201804261808397932,0.001827787,0.005250442,0.1930026
201804261808398431,0.001827035,0.005525047,0.1931376
201804261808399103,0.001826351,0.006009703,0.1932356
201804261808399602,0.001825273,0.006665516,0.1934153
201804261808400266,0.001823413,0.009045972,0.1937701
201804261808400932,0.00182418,0.01564775,0.1937668
201804261808401601,0.001825052,0.02027056,0.1938485
201804261808402268,0.001828193,0.03933567,0.1945208
201804261808402927,0.001833557,0.09824174,0.1959124
201804261808403597,0.001848757,0.2599679,0.1995281
201804261808404265,0.00188634,0.6657742,0.2096057
201804261808404931,0,0,0
201804261808405597,0,0,0
201804261808406268,0,0,0
201804261808406930,0,0,0
201804261808407594,0,0,0
201804261808408260,0,0,0
201804261808408766,0,0,0
201804261808409428,0,0,0
201804261808410092,0,0,0
201804261808410762,0,0,0
201804261808411261,0,0,0
201804261808411925,0,0,0
201804261808412595,0,0,0
201804261808413260,0,0,0
201804261808413928,0,0,0
201804261808414594,0,0,0
201804261808415257,0,0,0
201804261808415948,0,0,0
201804261808416595,0,0,0
201804261808417256,0.007130333,2.484945,5.609785
201804261808417928,0.005908671,0.6022403,3.544858
201804261808418427,0.005682435,0.03333252,3.185963
201804261808418929,0.004331846,0.008740776,1.66087
201804261808419594,0.002899792,0.01206691,0.6522762
201804261808526899,0,0,0
201804261808526904,0,0,0
201804261808527235,0,0,0
201804261808527896,0,0,0

